year,team_abb,player,college,round,pick
1990,NJN,Derrick Coleman,Syracuse,1,1
1990,SEA,Gary Payton,Oregon State,1,2
1990,DEN,Mahmoud Abdul-Rauf,LSU,1,3
1990,ORL,Dennis Scott,Georgia Tech,1,4
1990,CHH,Kendall Gill,Illinois,1,5
1990,MIN,Felton Spencer,Louisville,1,6
1990,SAC,Lionel Simmons,La Salle,1,7
1990,LAC,Bo Kimble,Loyola Marymount,1,8
1990,MIA,Willie Burton,Minnesota,1,9
1990,ATL,Rumeal Robinson,Michigan,1,10
1990,GSW,Tyrone Hill,Xavier,1,11
1990,HOU,Alec Kessler,Georgia,1,12
1990,LAC,Loy Vaught,Michigan,1,13
1990,SAC,Travis Mays,Texas,1,14
1990,MIA,Dave Jamerson,Ohio University,1,15
1990,MIL,Terry Mills,Michigan,1,16
1990,NYK,Jerrod Mustaf,Maryland,1,17
1990,SAC,Duane Causwell,Temple,1,18
1990,BOS,Dee Brown,Jacksonville University,1,19
1990,MIN,Gerald Glass,Ole Miss,1,20
1990,PHO,Jayson Williams,St. John's,1,21
1990,NJN,Tate George,UConn,1,22
1990,SAC,Anthony Bonner,Saint Louis,1,23
1990,SAS,Dwayne Schintzius,Florida,1,24
1990,POR,Alaa Abdelnaby,Duke,1,25
1990,DET,Lance Blanks,Texas,1,26
1990,LAL,Elden Campbell,Clemson,1,27
1990,GSW,Les Jepsen,Iowa,2,28
1990,CHI,Toni Kukoč,,2,29
1990,MIA,Carl Herrera,Houston,2,30
1990,PHO,Negele Knight,Dayton,2,31
1990,PHI,Brian Oliver,Georgia Tech,2,32
1990,UTA,Walter Palmer,Dartmouth College,2,33
1990,GSW,Kevin Pritchard,Kansas,2,34
1990,WSB,Greg Foster,Texas-El Paso,2,35
1990,ATL,Trevor Wilson,UCLA,2,36
1990,WSB,A.J. English,Virginia Union University,2,37
1990,SEA,Jud Buechler,Arizona,2,38
1990,CHH,Steve Scheffler,Purdue,2,39
1990,SAC,Bimbo Coles,Virginia Tech,2,40
1990,ATL,Steve Bardo,Illinois,2,41
1990,DEN,Marcus Liberty,Illinois,2,42
1990,SAS,Tony Massenburg,Maryland,2,43
1990,MIL,Steve Henson,Kansas State,2,44
1990,IND,Antonio Davis,Texas-El Paso,2,45
1990,IND,Kenny Williams,Elizabeth City State University,2,46
1990,PHI,Derek Strong,Xavier,2,47
1990,PHO,Cedric Ceballos,Cal State Fullerton,2,48
1990,DAL,Phil Henderson,Duke,2,49
1990,PHO,Miloš Babić,Tennessee Technological University,2,50
1990,LAL,Tony Smith,Marquette,2,51
1990,CLE,Stefano Rusconi,,2,52
1990,SEA,Abdul Shamsid-Deen,Providence,2,53
1990,SAS,Sean Higgins,Michigan,2,54
1991,CHH,Larry Johnson,UNLV,1,1
1991,NJN,Kenny Anderson,Georgia Tech,1,2
1991,SAC,Billy Owens,Syracuse,1,3
1991,DEN,Dikembe Mutombo,Georgetown,1,4
1991,MIA,Steve Smith,Michigan State,1,5
1991,DAL,Doug Smith,Missouri,1,6
1991,MIN,Luc Longley,New Mexico,1,7
1991,DEN,Mark Macon,Temple,1,8
1991,ATL,Stacey Augmon,UNLV,1,9
1991,ORL,Bison Dele,Arizona,1,10
1991,CLE,Terrell Brandon,Oregon,1,11
1991,NYK,Greg Anthony,UNLV,1,12
1991,IND,Dale Davis,Clemson,1,13
1991,SEA,Rich King,Nebraska,1,14
1991,ATL,Anthony Avent,Seton Hall,1,15
1991,GSW,Chris Gatling,Old Dominion,1,16
1991,GSW,Victor Alexander,Iowa State,1,17
1991,MIL,Kevin Brooks,Louisiana,1,18
1991,WSB,LaBradford Smith,Louisville,1,19
1991,HOU,John Turner,Phillips University,1,20
1991,UTA,Eric Murdock,Providence,1,21
1991,LAC,LeRon Ellis,Syracuse,1,22
1991,ORL,Stanley Roberts,LSU,1,23
1991,BOS,Rick Fox,UNC,1,24
1991,GSW,Shaun Vandiver,Colorado,1,25
1991,CHI,Mark Randall,Kansas,1,26
1991,SAC,Pete Chilcutt,UNC,1,27
1991,CHH,Kevin Lynch,Minnesota,2,28
1991,MIA,George Ackles,UNLV,2,29
1991,ATL,Rodney Monroe,NC State,2,30
1991,SAC,Randy Brown,New Mexico State,2,31
1991,PHO,Chad Gallagher,Creighton,2,32
1991,DAL,Donald Hodge,Temple,2,33
1991,MIN,Myron Brown,Slippery Rock University of Pennsylvania,2,34
1991,DAL,Mike Iuzzolino,Saint Francis University,2,35
1991,ORL,Chris Corchiani,NC State,2,36
1991,LAC,Elliot Perry,Memphis,2,37
1991,LAC,Joe Wylie,Miami (FL),2,38
1991,CLE,Jimmy Oliver,Purdue,2,39
1991,DET,Doug Overton,La Salle,2,40
1991,IND,Sean Green,Iona College,2,41
1991,SAC,Steve Hood,James Madison University,2,42
1991,GSW,Lamont Strothers,Christopher Newport University,2,43
1991,PHI,Alvaro Teheran,Houston,2,44
1991,MIL,Bobby Phills,Southern University and A&M College,2,45
1991,PHO,Richard Dumas,Oklahoma State,2,46
1991,HOU,Keith Hughes,Rutgers University,2,47
1991,UTA,Isaac Austin,Arizona State,2,48
1991,SAS,Greg Sutton,Oral Roberts,2,49
1991,PHO,Joey Wright,Texas,2,50
1991,HOU,Žan Tabak,,2,51
1991,LAL,Anthony Jones,Oral Roberts,2,52
1991,NJN,Von McDade,UW-Milwaukee,2,53
1991,POR,Marcus Kennedy,Eastern Michigan,2,54
1992,ORL,Shaquille O'Neal,LSU,1,1
1992,CHH,Alonzo Mourning,Georgetown,1,2
1992,MIN,Christian Laettner,Duke,1,3
1992,DAL,Jim Jackson,Ohio State,1,4
1992,DEN,LaPhonso Ellis,Notre Dame,1,5
1992,WSB,Tom Gugliotta,NC State,1,6
1992,SAC,Walt Williams,Maryland,1,7
1992,MIL,Todd Day,Arkansas,1,8
1992,PHI,Clarence Weatherspoon,Southern Miss,1,9
1992,ATL,Adam Keefe,Stanford,1,10
1992,HOU,Robert Horry,Alabama,1,11
1992,MIA,Harold Miner,USC,1,12
1992,DEN,Bryant Stith,Virginia,1,13
1992,IND,Malik Sealy,St. John's,1,14
1992,LAL,Anthony Peeler,Missouri,1,15
1992,LAC,Randy Woods,La Salle,1,16
1992,SEA,Doug Christie,Pepperdine,1,17
1992,SAS,Tracy Murray,UCLA,1,18
1992,DET,Don MacLean,UCLA,1,19
1992,NYK,Hubert Davis,UNC,1,20
1992,BOS,Jon Barry,Georgia Tech,1,21
1992,PHO,Oliver Miller,Arkansas,1,22
1992,MIL,Lee Mayberry,Arkansas,1,23
1992,GSW,Latrell Sprewell,Alabama,1,24
1992,LAC,Elmore Spencer,UNLV,1,25
1992,POR,Dave Johnson,Syracuse,1,26
1992,CHI,Byron Houston,Oklahoma State,1,27
1992,MIN,Marlon Maxey,Texas-El Paso,2,28
1992,NJN,P.J. Brown,Louisiana Tech,2,29
1992,DAL,Sean Rooks,Arizona,2,30
1992,POR,Reggie Smith,TCU,2,31
1992,WSB,Brent Price,Oklahoma,2,32
1992,CHI,Corey Williams,Oklahoma State,2,33
1992,MIN,Chris Smith,UConn,2,34
1992,CHH,Tony Bennett,Green Bay,2,35
1992,LAL,Duane Cooper,USC,2,36
1992,MIA,Isaiah Morris,Arkansas,2,37
1992,ATL,Elmer Bennett,Notre Dame,2,38
1992,CHI,Litterial Green,Georgia,2,39
1992,NJN,Steve Rogers,Alabama State University,2,40
1992,HOU,Popeye Jones,Murray State,2,41
1992,MIA,Matt Geiger,Georgia Tech,2,42
1992,GSW,Sasha Danilović,,2,43
1992,SAS,Henry Williams,UNC Charlotte,2,44
1992,SEA,Chris King,Wake Forest,2,45
1992,DEN,Robert Werdann,St. John's,2,46
1992,BOS,Darren Morningstar,Pitt,2,47
1992,PHO,Brian Davis,Duke,2,48
1992,PHO,Ron Ellis,Louisiana Tech,2,49
1992,GSW,Matt Fish,UNC Wilmington,2,50
1992,MIN,Tim Burroughs,Jacksonville University,2,51
1992,CHI,Matt Steigenga,Michigan State,2,52
1992,HOU,Curtis Blair,Richmond,2,53
1992,SAC,Brett Roberts,Morehead State University,2,54
1993,ORL,Chris Webber,Michigan,1,1
1993,PHI,Shawn Bradley,BYU,1,2
1993,GSW,Anfernee Hardaway,Memphis,1,3
1993,DAL,Jamal Mashburn,Kentucky,1,4
1993,MIN,Isaiah Rider,UNLV,1,5
1993,WSB,Calbert Cheaney,Indiana,1,6
1993,SAC,Bobby Hurley,Duke,1,7
1993,MIL,Vin Baker,University of Hartford,1,8
1993,DEN,Rodney Rogers,Wake Forest,1,9
1993,DET,Lindsey Hunter,Jackson State University,1,10
1993,DET,Allan Houston,Tennessee,1,11
1993,LAL,George Lynch,UNC,1,12
1993,LAC,Terry Dehere,Seton Hall,1,13
1993,IND,Scott Haskin,Oregon State,1,14
1993,ATL,Doug Edwards,Florida State,1,15
1993,NJN,Rex Walters,Kansas,1,16
1993,CHH,Greg Graham,Indiana,1,17
1993,UTA,Luther Wright,Seton Hall,1,18
1993,BOS,Acie Earl,Iowa,1,19
1993,CHH,Scott Burrell,UConn,1,20
1993,POR,James Robinson,Alabama,1,21
1993,CLE,Chris Mills,Arizona,1,22
1993,SEA,Ervin Johnson,New Orleans,1,23
1993,HOU,Sam Cassell,Florida State,1,24
1993,CHI,Corie Blount,Cincinnati,1,25
1993,ORL,Geert Hammink,LSU,1,26
1993,PHO,Malcolm Mackey,Georgia Tech,1,27
1993,DAL,Lucious Harris,Cal State Long Beach,2,28
1993,MIN,Sherron Mills,VCU,2,29
1993,WSB,Gheorghe Mureșan,,2,30
1993,SAC,Evers Burns,Maryland,2,31
1993,PHI,Alphonso Ford,Mississippi Valley State University,2,32
1993,DAL,Eric Riley,Michigan,2,33
1993,GSW,Darnell Mee,Western Kentucky,2,34
1993,MIA,Ed Stokes,Arizona,2,35
1993,NJN,John Best,Tennessee Technological University,2,36
1993,LAL,Nick Van Exel,Cincinnati,2,37
1993,WSB,Conrad McRae,Syracuse,2,38
1993,IND,Thomas Hill,Duke,2,39
1993,ATL,Rich Manning,Washington,2,40
1993,CHI,Anthony Reed,Tulane,2,41
1993,SEA,Adonis Jordan,Kansas,2,42
1993,DEN,Josh Grant,Utah,2,43
1993,SAC,Alex Holcombe,Baylor,2,44
1993,UTA,Bryon Russell,Cal State Long Beach,2,45
1993,HOU,Richard Petruška,UCLA,2,46
1993,SAS,Chris Whitney,Clemson,2,47
1993,POR,Kevin Thompson,NC State,2,48
1993,PHO,Mark Buford,Mississippi Valley State University,2,49
1993,HOU,Marcelo Nicola,,2,50
1993,IND,Spencer Dunkley,University of Delaware,2,51
1993,SAC,Mike Peplowski,Michigan State,2,52
1993,LAC,Leonard White,Southern University and A&M College,2,53
1993,PHO,Byron Wilson,Utah,2,54
1994,MIL,Glenn Robinson,Purdue,1,1
1994,DAL,Jason Kidd,California,1,2
1994,DET,Grant Hill,Duke,1,3
1994,MIN,Donyell Marshall,UConn,1,4
1994,WSB,Juwan Howard,Michigan,1,5
1994,PHI,Sharone Wright,Clemson,1,6
1994,LAC,Lamond Murray,California,1,7
1994,SAC,Brian Grant,Xavier,1,8
1994,BOS,Eric Montross,UNC,1,9
1994,LAL,Eddie Jones,Temple,1,10
1994,SEA,Carlos Rogers,Tennessee State,1,11
1994,MIA,Khalid Reeves,Arizona,1,12
1994,DEN,Jalen Rose,Michigan,1,13
1994,NJN,Yinka Dare,George Washington,1,14
1994,IND,Eric Piatkowski,Nebraska,1,15
1994,GSW,Clifford Rozier,Louisville,1,16
1994,POR,Aaron McKie,Temple,1,17
1994,MIL,Eric Mobley,Pitt,1,18
1994,DAL,Tony Dumas,Missouri-Kansas City,1,19
1994,PHI,B.J. Tyler,Texas,1,20
1994,CHI,Dickey Simpkins,Providence,1,21
1994,SAS,Bill Curley,Boston College,1,22
1994,PHO,Wesley Person,Auburn,1,23
1994,NYK,Monty Williams,Notre Dame,1,24
1994,LAC,Greg Minor,Louisville,1,25
1994,NYK,Charlie Ward,Florida State,1,26
1994,ORL,Brooks Thompson,Oklahoma State,1,27
1994,DAL,Deon Thomas,Illinois,2,28
1994,PHO,Antonio Lang,Duke,2,29
1994,MIN,Howard Eisley,Boston College,2,30
1994,ORL,Rodney Dent,Kentucky,2,31
1994,WSB,Jim McIlvaine,Marquette,2,32
1994,PHI,Derrick Alston,Duquesne,2,33
1994,ATL,Gaylon Nickerson,Northwestern Oklahoma State University,2,34
1994,SAC,Michael Smith,Providence,2,35
1994,BOS,Andrei Fetisov,,2,36
1994,SEA,Dontonio Wingfield,Cincinnati,2,37
1994,CHH,Darrin Hancock,Kansas,2,38
1994,GSW,Anthony Miller,Michigan State,2,39
1994,MIA,Jeff Webster,Oklahoma,2,40
1994,IND,William Njoku,,2,41
1994,CLE,Gary Collier,Tulsa,2,42
1994,POR,Shawnelle Scott,St. John's,2,43
1994,IND,Damon Bailey,Indiana,2,44
1994,GSW,Dwayne Morton,Louisville,2,45
1994,MIL,Voshon Lenard,Minnesota,2,46
1994,UTA,Jamie Watson,South Carolina,2,47
1994,DET,Jevon Crudup,Missouri,2,48
1994,CHI,Kris Bruton,Benedict College,2,49
1994,PHO,Charles Claxton,Georgia,2,50
1994,SAC,Lawrence Funderburke,Ohio State,2,51
1994,PHO,Anthony Goldwire,Houston,2,52
1994,HOU,Albert Burditt,Texas,2,53
1994,SEA,Željko Rebrača,,2,54
1995,GSW,Joe Smith,Maryland,1,1
1995,LAC,Antonio McDyess,Alabama,1,2
1995,PHI,Jerry Stackhouse,UNC,1,3
1995,WSB,Rasheed Wallace,UNC,1,4
1995,MIN,Kevin Garnett,,1,5
1995,VAN,Bryant Reeves,Oklahoma State,1,6
1995,TOR,Damon Stoudamire,Arizona,1,7
1995,POR,Shawn Respert,Michigan State,1,8
1995,NJN,Ed O'Bannon,UCLA,1,9
1995,MIA,Kurt Thomas,TCU,1,10
1995,MIL,Gary Trent,Ohio University,1,11
1995,DAL,Cherokee Parks,Duke,1,12
1995,SAC,Corliss Williamson,Arkansas,1,13
1995,BOS,Eric Williams,Providence,1,14
1995,DEN,Brent Barry,Oregon State,1,15
1995,ATL,Alan Henderson,Indiana,1,16
1995,CLE,Bob Sura,Florida State,1,17
1995,DET,Theo Ratliff,Wyoming,1,18
1995,DET,Randolph Childress,Wake Forest,1,19
1995,CHI,Jason Caffey,Alabama,1,20
1995,PHO,Michael Finley,Wisconsin,1,21
1995,CHH,George Zídek,UCLA,1,22
1995,IND,Travis Best,Georgia Tech,1,23
1995,DAL,Loren Meyer,Iowa State,1,24
1995,ORL,David Vaughn,Memphis,1,25
1995,SEA,Sherell Ford,University of Illinois at Chicago,1,26
1995,PHO,Mario Bennett,Arizona State,1,27
1995,UTA,Greg Ostertag,Kansas,1,28
1995,SAS,Cory Alexander,Virginia,1,29
1995,DET,Lou Roe,UMass,2,30
1995,CHI,Dragan Tarlać,,2,31
1995,WSB,Terrence Rencher,Texas,2,32
1995,BOS,Junior Burrough,Virginia,2,33
1995,GSW,Andrew DeClercq,Florida,2,34
1995,TOR,Jimmy King,Michigan,2,35
1995,VAN,Lawrence Moten,Syracuse,2,36
1995,LAL,Frankie King,Western Carolina University,2,37
1995,MIL,Rashard Griffith,Wisconsin,2,38
1995,CLE,Donny Marshall,UConn,2,39
1995,GSW,Dwayne Whitfield,Jackson State University,2,40
1995,HOU,Erik Meek,Duke,2,41
1995,ATL,Donnie Boyce,Colorado,2,42
1995,MIL,Eric Snow,Michigan State,2,43
1995,DEN,Anthony Pelle,Fresno State,2,44
1995,ATL,Troy Brown,Providence,2,45
1995,MIA,George Banks,Texas-El Paso,2,46
1995,SAC,Tyus Edney,UCLA,2,47
1995,MIN,Mark Davis,Texas Tech,2,48
1995,MIN,Jerome Allen,Penn,2,49
1995,GSW,Martin Lewis,Seward County Community College,2,50
1995,SAC,Dejan Bodiroga,,2,51
1995,IND,Fred Hoiberg,Iowa State,2,52
1995,LAC,Constantin Popa,Miami (FL),2,53
1995,SEA,Aurelijius Zukauskas,,2,54
1995,GSW,Michael McDonald,New Orleans,2,55
1995,PHO,Chris Carr,Southern Illinois,2,56
1995,ATL,Cuonzo Martin,Purdue,2,57
1995,DET,Don Reid,Georgetown,2,58
1996,PHI,Allen Iverson,Georgetown,1,1
1996,TOR,Marcus Camby,UMass,1,2
1996,VAN,Shareef Abdur-Rahim,California,1,3
1996,MIL,Stephon Marbury,Georgia Tech,1,4
1996,MIN,Ray Allen,UConn,1,5
1996,BOS,Antoine Walker,Kentucky,1,6
1996,LAC,Lorenzen Wright,Memphis,1,7
1996,NJN,Kerry Kittles,Villanova,1,8
1996,DAL,Samaki Walker,Louisville,1,9
1996,IND,Erick Dampier,Mississippi State,1,10
1996,GSW,Todd Fuller,NC State,1,11
1996,CLE,Vitaly Potapenko,Wright State University,1,12
1996,CHH,Kobe Bryant,,1,13
1996,SAC,Peja Stojaković,,1,14
1996,PHO,Steve Nash,Santa Clara,1,15
1996,CHH,Tony Delk,Kentucky,1,16
1996,POR,Jermaine O'Neal,,1,17
1996,NYK,John Wallace,Syracuse,1,18
1996,NYK,Walter McCarty,Kentucky,1,19
1996,CLE,Zydrunas Ilgauskas,,1,20
1996,NYK,Dontae' Jones,Mississippi State,1,21
1996,VAN,Roy Rogers,Alabama,1,22
1996,DEN,Efthimios Rentzias,,1,23
1996,LAL,Derek Fisher,Little Rock,1,24
1996,UTA,Martin Müürsepp,,1,25
1996,DET,Jerome Williams,Georgetown,1,26
1996,ORL,Brian Evans,Indiana,1,27
1996,ATL,Priest Lauderdale,Central State University,1,28
1996,CHI,Travis Knight,UConn,1,29
1996,HOU,Othella Harrington,Georgetown,2,30
1996,PHI,Mark Hendrickson,Washington State,2,31
1996,PHI,Ryan Minor,Oklahoma,2,32
1996,MIL,Moochie Norris,University of West Florida,2,33
1996,DAL,Shawn Harvey,West Virginia State University,2,34
1996,SEA,Joseph Blair,Arizona,2,35
1996,LAC,Doron Sheffer,UConn,2,36
1996,DEN,Jeff McInnis,UNC,2,37
1996,BOS,Steve Hamer,Tennessee,2,38
1996,PHO,Russ Millard,Iowa,2,39
1996,GSW,Marcus Mann,Mississippi Valley State University,2,40
1996,SAC,Jason Sasser,Texas Tech,2,41
1996,HOU,Randy Livingston,LSU,2,42
1996,PHO,Ben Davis,Arizona,2,43
1996,CHH,Malik Rose,Drexel,2,44
1996,SEA,Joe Vogel,Colorado State,2,45
1996,POR,Marcus Brown,Murray State,2,46
1996,SEA,Ron Riley,Arizona State,2,47
1996,PHI,Jamie Feick,Michigan State,2,48
1996,ORL,Amal McCaskill,Marquette,2,49
1996,HOU,Terrell Bell,Georgia,2,50
1996,VAN,Chris Robinson,Western Kentucky,2,51
1996,IND,Mark Pope,Kentucky,2,52
1996,MIL,Jeff Nordgaard,Green Bay,2,53
1996,UTA,Shandon Anderson,Georgia,2,54
1996,WSB,Ronnie Henderson,LSU,2,55
1996,CLE,Reggie Geary,Arizona,2,56
1996,SEA,Drew Barry,Georgia Tech,2,57
1996,DAL,Darnell Robinson,Arkansas,2,58
1997,SAS,Tim Duncan,Wake Forest,1,1
1997,PHI,Keith Van Horn,Utah,1,2
1997,BOS,Chauncey Billups,Colorado,1,3
1997,VAN,Antonio Daniels,Bowling Green,1,4
1997,DEN,Tony Battie,Texas Tech,1,5
1997,BOS,Ron Mercer,Kentucky,1,6
1997,NJN,Tim Thomas,Villanova,1,7
1997,GSW,Adonal Foyle,Colgate,1,8
1997,TOR,Tracy McGrady,,1,9
1997,MIL,Danny Fortson,Cincinnati,1,10
1997,SAC,Tariq Abdul-Wahad,San Jose State,1,11
1997,IND,Austin Croshere,Providence,1,12
1997,CLE,Derek Anderson,Kentucky,1,13
1997,LAC,Maurice Taylor,Michigan,1,14
1997,DAL,Kelvin Cato,Iowa State,1,15
1997,CLE,Brevin Knight,Stanford,1,16
1997,ORL,Johnny Taylor,Chattanooga,1,17
1997,POR,Chris Anstey,,1,18
1997,DET,Scot Pollard,Kansas,1,19
1997,MIN,Paul Grant,Wisconsin,1,20
1997,NJN,Anthony Parker,Bradley,1,21
1997,ATL,Ed Gray,California,1,22
1997,SEA,Bobby Jackson,Minnesota,1,23
1997,HOU,Rodrick Rhodes,USC,1,24
1997,NYK,John Thomas,Minnesota,1,25
1997,MIA,Charles Smith,New Mexico,1,26
1997,UTA,Jacque Vaughn,Kansas,1,27
1997,CHI,Keith Booth,Maryland,1,28
1997,HOU,Serge Zwikker,UNC,2,29
1997,MIA,Mark Sanford,Washington,2,30
1997,DET,Charles O'Bannon,UCLA,2,31
1997,DEN,James Cotton,Cal State Long Beach,2,32
1997,PHI,Marko Milič,,2,33
1997,DAL,Bubba Wells,Austin Peay State University,2,34
1997,PHI,Kebu Stewart,Cal State-Bakersfield,2,35
1997,PHI,James Collins,Florida State,2,36
1997,GSW,Marc Jackson,Temple,2,37
1997,MIL,Jerald Honeycutt,Tulane,2,38
1997,SAC,Anthony Johnson,College of Charleston,2,39
1997,SEA,Eddie Elisma,Georgia Tech,2,40
1997,DEN,Jason Lawson,Villanova,2,41
1997,PHO,Stephen Jackson,Butler County Community College,2,42
1997,MIN,Gordon Malone,West Virginia,2,43
1997,CLE,Cedric Henderson,Memphis,2,44
1997,WAS,God Shammgod,Providence,2,45
1997,ORL,Eric Washington,Alabama,2,46
1997,POR,Alvin Williams,Villanova,2,47
1997,WAS,Predrag Drobnjak,,2,48
1997,ATL,Alain Digbeu,,2,49
1997,ATL,Chris Crawford,Marquette,2,50
1997,LAL,DeJuan Wheat,Louisville,2,51
1997,VAN,C.J. Bruton,Indian Hills Community College,2,52
1997,LAL,Paul Rogers,Gonzaga,2,53
1997,SEA,Mark Blount,Pitt,2,54
1997,BOS,Ben Pepper,,2,55
1997,UTA,Nate Erdmann,Oklahoma,2,56
1997,CHI,Roberto Duenas,,2,57
1998,LAC,Michael Olowokandi,University of the Pacific,1,1
1998,VAN,Mike Bibby,Arizona,1,2
1998,DEN,Raef LaFrentz,Kansas,1,3
1998,TOR,Antawn Jamison,UNC,1,4
1998,GSW,Vince Carter,UNC,1,5
1998,DAL,Robert Traylor,Michigan,1,6
1998,SAC,Jason Williams,Florida,1,7
1998,PHI,Larry Hughes,Saint Louis,1,8
1998,MIL,Dirk Nowitzki,,1,9
1998,BOS,Paul Pierce,Kansas,1,10
1998,DET,Bonzi Wells,Ball State University,1,11
1998,ORL,Michael Doleac,Utah,1,12
1998,ORL,Keon Clark,UNLV,1,13
1998,HOU,Michael Dickerson,Arizona,1,14
1998,ORL,Matt Harpring,Georgia Tech,1,15
1998,HOU,Bryce Drew,Valparaiso,1,16
1998,MIN,Rasho Nesterović,,1,17
1998,HOU,Mirsad Türkcan,,1,18
1998,MIL,Pat Garrity,Notre Dame,1,19
1998,ATL,Roshown McLeod,Duke,1,20
1998,CHH,Ricky Davis,Iowa,1,21
1998,LAC,Brian Skinner,Baylor,1,22
1998,DEN,Tyronn Lue,Nebraska,1,23
1998,SAS,Felipe López,St. John's,1,24
1998,IND,Al Harrington,,1,25
1998,LAL,Sam Jacobson,Minnesota,1,26
1998,SEA,Vladimir Stepania,,1,27
1998,CHI,Corey Benjamin,Oregon State,1,28
1998,UTA,Nazr Mohammed,Kentucky,1,29
1998,DAL,Ansu Sesay,Ole Miss,2,30
1998,LAL,Ruben Patterson,Cincinnati,2,31
1998,SEA,Rashard Lewis,,2,32
1998,SEA,Jelani McCoy,UCLA,2,33
1998,CHI,Shammond Williams,UNC,2,34
1998,DAL,Bruno Šundov,,2,35
1998,SAC,Jerome James,Florida A&M,2,36
1998,PHI,Casey Shaw,Toledo,2,37
1998,NYK,DeMarco Johnson,UNC Charlotte,2,38
1998,MIL,Rafer Alston,Fresno State,2,39
1998,DET,Korleone Young,,2,40
1998,HOU,Cuttino Mobley,Rhode Island,2,41
1998,ORL,Miles Simon,Arizona,2,42
1998,WAS,Jahidi White,Georgetown,2,43
1998,NYK,Sean Marks,California,2,44
1998,LAL,Toby Bailey,UCLA,2,45
1998,MIN,Andrae Patterson,Indiana,2,46
1998,TOR,Tyson Wheeler,Rhode Island,2,47
1998,CLE,Ryan Stack,South Carolina,2,48
1998,ATL,Cory Carr,Texas Tech,2,49
1998,CHH,Andrew Betts,Cal State Long Beach,2,50
1998,MIA,Corey Brewer,Oklahoma,2,51
1998,SAS,Derrick Dial,Eastern Michigan,2,52
1998,DAL,Greg Buckner,Clemson,2,53
1998,DEN,Tremaine Fowlkes,Fresno State,2,54
1998,DEN,Ryan Bowen,Iowa,2,55
1998,VAN,J.R. Henderson,UCLA,2,56
1998,UTA,Torraye Braggs,Xavier,2,57
1998,CHI,Maceo Baston,Michigan,2,58
1999,CHI,Elton Brand,Duke,1,1
1999,VAN,Steve Francis,Maryland,1,2
1999,CHH,Baron Davis,UCLA,1,3
1999,LAC,Lamar Odom,Rhode Island,1,4
1999,TOR,Jonathan Bender,,1,5
1999,MIN,Wally Szczerbiak,Miami University,1,6
1999,WAS,Richard Hamilton,UConn,1,7
1999,CLE,Andre Miller,Utah,1,8
1999,PHO,Shawn Marion,UNLV,1,9
1999,ATL,Jason Terry,Arizona,1,10
1999,CLE,Trajan Langdon,Duke,1,11
1999,TOR,Aleksandar Radojević,Barton County Community College,1,12
1999,SEA,Corey Maggette,Duke,1,13
1999,MIN,William Avery,Duke,1,14
1999,NYK,Frederic Weis,,1,15
1999,CHI,Metta World Peace,St. John's,1,16
1999,ATL,Cal Bowdler,Old Dominion,1,17
1999,DEN,James Posey,Xavier,1,18
1999,UTA,Quincy Lewis,Minnesota,1,19
1999,ATL,Dion Glover,Georgia Tech,1,20
1999,GSW,Jeff Foster,Texas State University,1,21
1999,HOU,Kenny Thomas,New Mexico,1,22
1999,LAL,Devean George,Augsburg College,1,23
1999,UTA,Andrei Kirilenko,,1,24
1999,MIA,Tim James,Miami (FL),1,25
1999,IND,Vonteego Cummings,Pitt,1,26
1999,ATL,Jumaine Jones,Georgia,1,27
1999,UTA,Scott Padgett,Kentucky,1,28
1999,SAS,Leon Smith,,1,29
1999,LAL,John Celestand,Villanova,2,30
1999,LAC,Rico Hill,Illinois State,2,31
1999,CHI,Michael Ruffin,Tulsa,2,32
1999,DEN,Chris Herren,Fresno State,2,33
1999,NJN,Evan Eschmeyer,Northwestern,2,34
1999,WAS,Calvin Booth,Penn State,2,35
1999,DAL,Wang Zhizhi,,2,36
1999,VAN,Obinna Ekezie,Maryland,2,37
1999,ORL,Laron Profit,Maryland,2,38
1999,CLE,A.J. Bramlett,Arizona,2,39
1999,DAL,Gordan Giriček,,2,40
1999,DEN,Francisco Elson,California,2,41
1999,MIN,Louis Bullock,Michigan,2,42
1999,CHH,Lee Nailon,TCU,2,43
1999,HOU,Tyrone Washington,Mississippi State,2,44
1999,SAC,Ryan Robertson,Kansas,2,45
1999,NYK,J.R. Koch,Iowa,2,46
1999,PHI,Todd MacCulloch,Washington,2,47
1999,MIL,Galen Young,UNC Charlotte,2,48
1999,CHI,Lari Ketner,UMass,2,49
1999,HOU,Venson Hamilton,Nebraska,2,50
1999,VAN,Antwain Smith,Saint Paul's College,2,51
1999,POR,Roberto Bergersen,Boise State,2,52
1999,MIA,Rodney Buford,Creighton,2,53
1999,DET,Melvin Levett,Cincinnati,2,54
1999,BOS,Kris Clack,Texas,2,55
1999,GSW,Tim Young,Stanford,2,56
1999,SAS,Manu Ginóbili,,2,57
1999,UTA,Eddie Lucas,Virginia Tech,2,58
2000,NJN,Kenyon Martin,Cincinnati,1,1
2000,VAN,Stromile Swift,LSU,1,2
2000,LAC,Darius Miles,,1,3
2000,CHI,Marcus Fizer,Iowa State,1,4
2000,ORL,Mike Miller,Florida,1,5
2000,ATL,DerMarr Johnson,Cincinnati,1,6
2000,CHI,Chris Mihm,Texas,1,7
2000,CLE,Jamal Crawford,Michigan,1,8
2000,HOU,Joel Przybilla,Minnesota,1,9
2000,ORL,Keyon Dooling,Missouri,1,10
2000,BOS,Jérôme Moïso,UCLA,1,11
2000,DAL,Etan Thomas,Syracuse,1,12
2000,ORL,Courtney Alexander,Fresno State,1,13
2000,DET,Mateen Cleaves,Michigan State,1,14
2000,MIL,Jason Collier,Georgia Tech,1,15
2000,SAC,Hedo Türkoğlu,,1,16
2000,SEA,Desmond Mason,Oklahoma State,1,17
2000,LAC,Quentin Richardson,DePaul,1,18
2000,CHH,Jamaal Magloire,Kentucky,1,19
2000,PHI,Speedy Claxton,Hofstra,1,20
2000,TOR,Morris Peterson,Michigan State,1,21
2000,NYK,Donnell Harvey,Florida,1,22
2000,UTA,DeShawn Stevenson,,1,23
2000,CHI,Dalibor Bagarić,,1,24
2000,PHO,Jake Tsakalidis,,1,25
2000,DEN,Mamadou N'Diaye,Auburn,1,26
2000,IND,Primož Brezec,,1,27
2000,POR,Erick Barkley,St. John's,1,28
2000,LAL,Mark Madsen,Stanford,1,29
2000,LAC,Marko Jarić,,2,30
2000,DAL,Dan Langhi,Vanderbilt,2,31
2000,CHI,A.J. Guyton,Indiana,2,32
2000,CHI,Jake Voskuhl,UConn,2,33
2000,CHI,Khalid El-Amin,UConn,2,34
2000,WAS,Mike Smith,Louisiana-Monroe,2,35
2000,NJN,Soumaila Samake,,2,36
2000,MIA,Eddie House,Arizona State,2,37
2000,HOU,Eduardo Nájera,Oklahoma,2,38
2000,NYK,Lavor Postell,St. John's,2,39
2000,ATL,Hanno Möttölä,Utah,2,40
2000,SAS,Chris Carrawell,Duke,2,41
2000,SEA,Olumide Oyedeji,,2,42
2000,MIL,Michael Redd,Ohio State,2,43
2000,DET,Brian Cardinal,Purdue,2,44
2000,SAC,Jabari Smith,LSU,2,45
2000,TOR,DeeAndre Hulett,College of the Sequoias,2,46
2000,SEA,Josip Sesar,,2,47
2000,PHI,Mark Karcher,Temple,2,48
2000,MIL,Jason Hart,Syracuse,2,49
2000,UTA,Kaniel Dickens,Idaho,2,50
2000,MIN,Igor Rakočević,,2,51
2000,MIA,Ernest Brown,Indian Hills Community College,2,52
2000,DEN,Dan McClintock,Northern Arizona University,2,53
2000,SAS,Cory Hightower,Indian Hills Community College,2,54
2000,GSW,Chris Porter,Auburn,2,55
2000,IND,Jaquay Walls,Colorado,2,56
2000,ATL,Scoonie Penn,Ohio State,2,57
2000,DAL,Pete Mickeal,Cincinnati,2,58
2001,WAS,Kwame Brown,,1,1
2001,LAC,Tyson Chandler,,1,2
2001,ATL,Pau Gasol,,1,3
2001,CHI,Eddy Curry,,1,4
2001,GSW,Jason Richardson,Michigan State,1,5
2001,MEM,Shane Battier,Duke,1,6
2001,NJN,Eddie Griffin,Seton Hall,1,7
2001,CLE,DeSagana Diop,,1,8
2001,DET,Rodney White,UNC Charlotte,1,9
2001,BOS,Joe Johnson,Arkansas,1,10
2001,BOS,Kedrick Brown,Okaloosa-Walton Community College,1,11
2001,SEA,Vladimir Radmanović,,1,12
2001,HOU,Richard Jefferson,Arizona,1,13
2001,GSW,Troy Murphy,Notre Dame,1,14
2001,ORL,Steven Hunter,DePaul,1,15
2001,CHH,Kirk Haston,Indiana,1,16
2001,TOR,Michael Bradley,Villanova,1,17
2001,HOU,Jason Collins,Stanford,1,18
2001,POR,Zach Randolph,Michigan State,1,19
2001,CLE,Brendan Haywood,UNC,1,20
2001,BOS,Joseph Forte,UNC,1,21
2001,ORL,Jeryl Sasser,SMU,1,22
2001,HOU,Brandon Armstrong,Pepperdine,1,23
2001,UTA,Raül López,,1,24
2001,SAC,Gerald Wallace,Alabama,1,25
2001,PHI,Samuel Dalembert,Seton Hall,1,26
2001,MEM,Jamaal Tinsley,Iowa State,1,27
2001,SAS,Tony Parker,,1,28
2001,CHI,Trenton Hassell,Austin Peay State University,2,29
2001,GSW,Gilbert Arenas,Arizona,2,30
2001,ORL,Omar Cook,St. John's,2,31
2001,MEM,Will Solomon,Clemson,2,32
2001,ATL,Terence Morris,Maryland,2,33
2001,NJN,Brian Scalabrine,USC,2,34
2001,CLE,Jeff Trepagnier,USC,2,35
2001,PHI,Damone Brown,Syracuse,2,36
2001,DET,Mehmet Okur,,2,37
2001,NYK,Michael Wright,Arizona,2,38
2001,SEA,Earl Watson,UCLA,2,39
2001,IND,Jamison Brewer,Auburn,2,40
2001,SEA,Bobby Simmons,DePaul,2,41
2001,NYK,Eric Chenowith,Kansas,2,42
2001,DAL,Kyle Hill,Eastern Illinois University,2,43
2001,CHI,Sean Lampley,California,2,44
2001,MIN,Loren Woods,Arizona,2,45
2001,DEN,Ousmane Cisse,,2,46
2001,MEM,Antonis Fotsis,,2,47
2001,MIA,Ken Johnson,Ohio State,2,48
2001,POR,Ruben Boumtje-Boumtje,Georgetown,2,49
2001,PHO,Alton Ford,Houston,2,50
2001,MIL,Andre Hutson,Michigan State,2,51
2001,UTA,Jarron Collins,Stanford,2,52
2001,DAL,Kenny Satterfield,Cincinnati,2,53
2001,SAC,Maurice Jeffers,Saint Louis,2,54
2001,SAS,Robertas Javtokas,,2,55
2001,PHI,Alvin Jones,Georgia Tech,2,56
2001,SAS,Bryan Bracey,Oregon,2,57
2002,HOU,Yao Ming,,1,1
2002,CHI,Jay Williams,Duke,1,2
2002,GSW,Mike Dunleavy,Duke,1,3
2002,MEM,Drew Gooden,Kansas,1,4
2002,DEN,Nikoloz Tskitishvili,,1,5
2002,CLE,Dajuan Wagner,Memphis,1,6
2002,NYK,Nenê,,1,7
2002,LAC,Chris Wilcox,Maryland,1,8
2002,PHO,Amar'e Stoudemire,,1,9
2002,MIA,Caron Butler,UConn,1,10
2002,WAS,Jared Jeffries,Indiana,1,11
2002,LAC,Melvin Ely,Fresno State,1,12
2002,MIL,Marcus Haislip,Tennessee,1,13
2002,IND,Fred Jones,Oregon,1,14
2002,HOU,Boštjan Nachbar,,1,15
2002,PHI,Jiří Welsch,,1,16
2002,WAS,Juan Dixon,Maryland,1,17
2002,ORL,Curtis Borchardt,Stanford,1,18
2002,UTA,Ryan Humphrey,Notre Dame,1,19
2002,TOR,Kareem Rush,Missouri,1,20
2002,POR,Qyntel Woods,Northeast Mississippi Community College,1,21
2002,PHO,Casey Jacobsen,Stanford,1,22
2002,DET,Tayshaun Prince,Kentucky,1,23
2002,NJN,Nenad Krstić,,1,24
2002,DEN,Frank Williams,Illinois,1,25
2002,SAS,John Salmons,Miami (FL),1,26
2002,LAL,Chris Jefferies,Fresno State,1,27
2002,SAC,Dan Dickau,Gonzaga,1,28
2002,GSW,Steve Logan,Cincinnati,2,29
2002,CHI,Roger Mason,Virginia,2,30
2002,MEM,Robert Archibald,Illinois,2,31
2002,DEN,Vincent Yarbrough,Tennessee,2,32
2002,MIL,Dan Gadzuric,UCLA,2,33
2002,CLE,Carlos Boozer,Duke,2,34
2002,NYK,Milos Vujanic,,2,35
2002,ATL,David Andersen,,2,36
2002,HOU,Tito Maddox,Fresno State,2,37
2002,WAS,Rod Grizzard,Alabama,2,38
2002,WAS,Juan Carlos Navarro,,2,39
2002,LAC,Mario Kasun,,2,40
2002,MIL,Ronald Murray,Shaw,2,41
2002,POR,Jason Jennings,Arkansas State University,2,42
2002,CHI,Lonny Baxter,Maryland,2,43
2002,PHI,Sam Clancy,USC,2,44
2002,MEM,Matt Barnes,UCLA,2,45
2002,UTA,Jamal Sampson,California,2,46
2002,MIL,Chris Owens,Texas,2,47
2002,SEA,Peter Fehse,,2,48
2002,BOS,Darius Songaila,Wake Forest,2,49
2002,POR,Federico Kammerichs,,2,50
2002,MIN,Marcus Taylor,Michigan State,2,51
2002,MIA,Rasual Butler,La Salle,2,52
2002,NJN,Tamar Slay,Marshall,2,53
2002,DAL,Mladen Sekularac,,2,54
2002,SAS,Luis Scola,,2,55
2002,SAS,Randy Holcomb,San Diego State,2,56
2002,SAC,Corsley Edwards,Central Connecticut State University,2,57
2003,CLE,LeBron James,,1,1
2003,DET,Darko Miličić,,1,2
2003,DEN,Carmelo Anthony,Syracuse,1,3
2003,TOR,Chris Bosh,Georgia Tech,1,4
2003,MIA,Dwyane Wade,Marquette,1,5
2003,LAC,Chris Kaman,Central Michigan University,1,6
2003,CHI,Kirk Hinrich,Kansas,1,7
2003,MIL,T.J. Ford,Texas,1,8
2003,NYK,Mike Sweetney,Georgetown,1,9
2003,WAS,Jarvis Hayes,Georgia,1,10
2003,GSW,Mickaël Piétrus,,1,11
2003,SEA,Nick Collison,Kansas,1,12
2003,MEM,Marcus Banks,UNLV,1,13
2003,SEA,Luke Ridnour,Oregon,1,14
2003,ORL,Reece Gaines,Louisville,1,15
2003,BOS,Troy Bell,Boston College,1,16
2003,PHO,Žarko Čabarkapa,,1,17
2003,NOH,David West,Xavier,1,18
2003,UTA,Sasha Pavlović,,1,19
2003,BOS,Dahntay Jones,Duke,1,20
2003,ATL,Boris Diaw,,1,21
2003,NJN,Zoran Planinić,,1,22
2003,POR,Travis Outlaw,,1,23
2003,LAL,Brian Cook,Illinois,1,24
2003,DET,Carlos Delfino,,1,25
2003,MIN,Ndudi Ebi,,1,26
2003,MEM,Kendrick Perkins,,1,27
2003,SAS,Leandro Barbosa,,1,28
2003,DAL,Josh Howard,Wake Forest,1,29
2003,NYK,Maciej Lampe,,2,30
2003,CLE,Jason Kapono,UCLA,2,31
2003,LAL,Luke Walton,Arizona,2,32
2003,MIA,Jerome Beasley,University of North Dakota,2,33
2003,LAC,Sofoklis Schortsanitis,,2,34
2003,MIL,Szymon Szewczyk,,2,35
2003,CHI,Mario Austin,Mississippi State,2,36
2003,ATL,Travis Hansen,BYU,2,37
2003,WAS,Steve Blake,Maryland,2,38
2003,NYK,Slavko Vraneš,,2,39
2003,GSW,Derrick Zimmerman,Mississippi State,2,40
2003,SEA,Willie Green,Detroit Mercy,2,41
2003,ORL,Zaza Pachulia,,2,42
2003,MIL,Keith Bogans,Kentucky,2,43
2003,HOU,Malick Badiane,,2,44
2003,CHI,Matt Bonner,Florida,2,45
2003,DEN,Sani Bečirovič,,2,46
2003,UTA,Mo Williams,Alabama,2,47
2003,NOH,James Lang,,2,48
2003,IND,James Jones,Miami (FL),2,49
2003,PHI,Paccelis Morlende,,2,50
2003,NJN,Kyle Korver,Creighton,2,51
2003,TOR,Remon Van de Hare,,2,52
2003,CHI,Tommy Smith,Arizona State,2,53
2003,POR,Nedžad Sinanović,,2,54
2003,MIN,Rick Rickert,Minnesota,2,55
2003,BOS,Brandon Hunter,Ohio University,2,56
2003,DAL,Xue Yuyang,,2,57
2003,DET,Andreas Glyniadakis,,2,58
2004,ORL,Dwight Howard,,1,1
2004,CHA,Emeka Okafor,UConn,1,2
2004,CHI,Ben Gordon,UConn,1,3
2004,LAC,Shaun Livingston,,1,4
2004,WAS,Devin Harris,Wisconsin,1,5
2004,ATL,Josh Childress,Stanford,1,6
2004,PHO,Luol Deng,Duke,1,7
2004,TOR,Rafael Araújo,BYU,1,8
2004,PHI,Andre Iguodala,Arizona,1,9
2004,CLE,Luke Jackson,Oregon,1,10
2004,GSW,Andris Biedriņš,,1,11
2004,SEA,Robert Swift,,1,12
2004,POR,Sebastian Telfair,,1,13
2004,UTA,Kris Humphries,Minnesota,1,14
2004,BOS,Al Jefferson,,1,15
2004,UTA,Kirk Snyder,Nevada,1,16
2004,ATL,Josh Smith,,1,17
2004,NOH,J.R. Smith,,1,18
2004,MIA,Dorell Wright,,1,19
2004,DEN,Jameer Nelson,Saint Joseph's,1,20
2004,UTA,Pavel Podkolzin,,1,21
2004,NJN,Viktor Khryapa,,1,22
2004,POR,Sergei Monia,,1,23
2004,BOS,Delonte West,Saint Joseph's,1,24
2004,BOS,Tony Allen,Oklahoma State,1,25
2004,SAC,Kevin Martin,Western Carolina University,1,26
2004,LAL,Sasha Vujačić,,1,27
2004,SAS,Beno Udrih,,1,28
2004,IND,David Harrison,Colorado,1,29
2004,ORL,Anderson Varejão,,2,30
2004,CHI,Jackson Vroman,Iowa State,2,31
2004,WAS,Peter John Ramos,,2,32
2004,LAC,Lionel Chalmers,Xavier,2,33
2004,ATL,Donta Smith,Southeastern Illinois College,2,34
2004,SEA,Andre Emmett,Texas Tech,2,35
2004,ORL,Antonio Burks,Memphis,2,36
2004,ATL,Royal Ivey,Texas,2,37
2004,CHI,Chris Duhon,Duke,2,38
2004,TOR,Albert Miralles,,2,39
2004,BOS,Justin Reed,Ole Miss,2,40
2004,SEA,David Young,NC Central,2,41
2004,ATL,Viktor Sanikidze,,2,42
2004,NYK,Trevor Ariza,UCLA,2,43
2004,NOH,Tim Pickett,Florida State,2,44
2004,CHA,Bernard Robinson,Michigan,2,45
2004,POR,Ha Seung-Jin,,2,46
2004,MIA,Pape Sow,Cal State Fullerton,2,47
2004,SAC,Ricky Minard,Morehead State University,2,48
2004,MEM,Sergei Lishouk,,2,49
2004,DAL,Vassilis Spanoulis,,2,50
2004,NJN,Christian Drejer,Florida,2,51
2004,SAS,Romain Sato,Xavier,2,52
2004,MIA,Matt Freije,Vanderbilt,2,53
2004,DET,Rickey Paulding,Missouri,2,54
2004,HOU,Luis Flores,Manhattan College,2,55
2004,LAL,Marcus Douthit,Providence,2,56
2004,SAS,Sergei Karaulov,,2,57
2004,MIN,Blake Stepp,Gonzaga,2,58
2004,IND,Rashad Wright,Georgia,2,59
2005,MIL,Andrew Bogut,Utah,1,1
2005,ATL,Marvin Williams,UNC,1,2
2005,UTA,Deron Williams,Illinois,1,3
2005,NOH,Chris Paul,Wake Forest,1,4
2005,CHA,Raymond Felton,UNC,1,5
2005,POR,Martell Webster,,1,6
2005,TOR,Charlie Villanueva,UConn,1,7
2005,NYK,Channing Frye,Arizona,1,8
2005,GSW,Ike Diogu,Arizona State,1,9
2005,LAL,Andrew Bynum,,1,10
2005,ORL,Fran Vázquez,,1,11
2005,LAC,Yaroslav Korolev,,1,12
2005,CHA,Sean May,UNC,1,13
2005,MIN,Rashad McCants,UNC,1,14
2005,NJN,Antoine Wright,Texas A&M,1,15
2005,TOR,Joey Graham,Oklahoma State,1,16
2005,IND,Danny Granger,New Mexico,1,17
2005,BOS,Gerald Green,,1,18
2005,MEM,Hakim Warrick,Syracuse,1,19
2005,DEN,Julius Hodge,NC State,1,20
2005,PHO,Nate Robinson,Washington,1,21
2005,DEN,Jarrett Jack,Georgia Tech,1,22
2005,SAC,Francisco García,Louisville,1,23
2005,HOU,Luther Head,Illinois,1,24
2005,SEA,Johan Petro,,1,25
2005,DET,Jason Maxiell,Cincinnati,1,26
2005,POR,Linas Kleiza,Missouri,1,27
2005,SAS,Ian Mahinmi,,1,28
2005,MIA,Wayne Simien,Kansas,1,29
2005,NYK,David Lee,Florida,1,30
2005,ATL,Salim Stoudamire,Arizona,2,31
2005,LAC,Daniel Ewing,Duke,2,32
2005,NOH,Brandon Bass,LSU,2,33
2005,UTA,C.J. Miles,,2,34
2005,POR,Ricky Sánchez,,2,35
2005,MIL,Ersan İlyasova,,2,36
2005,LAL,Ronny Turiaf,Gonzaga,2,37
2005,ORL,Travis Diener,Marquette,2,38
2005,LAL,Von Wafer,Florida State,2,39
2005,GSW,Monta Ellis,,2,40
2005,TOR,Roko Ukić,,2,41
2005,GSW,Chris Taft,Pitt,2,42
2005,NJN,Mile Ilić,,2,43
2005,ORL,Martynas Andriuškevičius,,2,44
2005,PHI,Lou Williams,,2,45
2005,IND,Erazem Lorbek,,2,46
2005,MIN,Bracey Wright,Indiana,2,47
2005,SEA,Mickaël Gelabale,,2,48
2005,WAS,Andray Blatche,,2,49
2005,BOS,Ryan Gomes,Providence,2,50
2005,UTA,Robert Whaley,Walsh University,2,51
2005,DEN,Axel Hervelle,,2,52
2005,BOS,Orien Greene,Louisiana,2,53
2005,NYK,Dijon Thompson,UCLA,2,54
2005,SEA,Lawrence Roberts,Mississippi State,2,55
2005,DET,Amir Johnson,,2,56
2005,PHO,Marcin Gortat,,2,57
2005,TOR,Uroš Slokar,,2,58
2005,ATL,Cenk Akyol,,2,59
2005,DET,Alex Acker,Pepperdine,2,60
2006,TOR,Andrea Bargnani,,1,1
2006,CHI,LaMarcus Aldridge,Texas,1,2
2006,CHA,Adam Morrison,Gonzaga,1,3
2006,POR,Tyrus Thomas,LSU,1,4
2006,ATL,Shelden Williams,Duke,1,5
2006,MIN,Brandon Roy,Washington,1,6
2006,BOS,Randy Foye,Villanova,1,7
2006,HOU,Rudy Gay,UConn,1,8
2006,GSW,Patrick O'Bryant,Bradley,1,9
2006,SEA,Mouhamed Sene,,1,10
2006,ORL,J.J. Redick,Duke,1,11
2006,NOK,Hilton Armstrong,UConn,1,12
2006,PHI,Thabo Sefolosha,,1,13
2006,UTA,Ronnie Brewer,Arkansas,1,14
2006,NOK,Cedric Simmons,NC State,1,15
2006,CHI,Rodney Carney,Memphis,1,16
2006,IND,Shawne Williams,Memphis,1,17
2006,WAS,Oleksiy Pecherov,,1,18
2006,SAC,Quincy Douby,Rutgers University,1,19
2006,NYK,Renaldo Balkman,South Carolina,1,20
2006,PHO,Rajon Rondo,Kentucky,1,21
2006,NJN,Marcus Williams,UConn,1,22
2006,NJN,Josh Boone,UConn,1,23
2006,MEM,Kyle Lowry,Villanova,1,24
2006,CLE,Shannon Brown,Michigan State,1,25
2006,LAL,Jordan Farmar,UCLA,1,26
2006,PHO,Sergio Rodríguez,,1,27
2006,DAL,Maurice Ager,Michigan State,1,28
2006,NYK,Mardy Collins,Temple,1,29
2006,POR,Joel Freeland,,1,30
2006,POR,James White,Cincinnati,2,31
2006,HOU,Steve Novak,Marquette,2,32
2006,ATL,Solomon Jones,South Florida,2,33
2006,LAC,Paul Davis,Michigan State,2,34
2006,TOR,P.J. Tucker,Texas,2,35
2006,MIN,Craig Smith,Boston College,2,36
2006,MIN,Bobby Jones,Washington,2,37
2006,GSW,Kosta Perović,,2,38
2006,MIL,David Noel,UNC,2,39
2006,SEA,Denham Brown,UConn,2,40
2006,ORL,James Augustine,Illinois,2,41
2006,CLE,Daniel Gibson,Texas,2,42
2006,NOK,Marcus Vinicius,,2,43
2006,ORL,Lior Eliyahu,,2,44
2006,IND,Alexander Johnson,Florida State,2,45
2006,UTA,Dee Brown,Illinois,2,46
2006,UTA,Paul Millsap,Louisiana Tech,2,47
2006,WAS,Vladimir Veremeenko,,2,48
2006,DEN,Leon Powe,California,2,49
2006,CHA,Ryan Hollins,UCLA,2,50
2006,LAL,Cheikh Samb,,2,51
2006,LAC,Guillermo Díaz,Miami (FL),2,52
2006,SEA,Yotam Halperin,,2,53
2006,NJN,Hassan Adams,Arizona,2,54
2006,CLE,Ejike Ugboaja,,2,55
2006,TOR,Edin Bavčić,,2,56
2006,MIN,Loukas Mavrokefalidis,,2,57
2006,DAL,J.R. Pinnock,George Washington,2,58
2006,SAS,Damir Markota,,2,59
2006,DET,Will Blalock,Iowa State,2,60
2007,POR,Greg Oden,Ohio State,1,1
2007,SEA,Kevin Durant,Texas,1,2
2007,ATL,Al Horford,Florida,1,3
2007,MEM,Mike Conley,Ohio State,1,4
2007,BOS,Jeff Green,Georgetown,1,5
2007,MIL,Yi Jianlian,,1,6
2007,MIN,Corey Brewer,Florida,1,7
2007,CHA,Brandan Wright,UNC,1,8
2007,CHI,Joakim Noah,Florida,1,9
2007,SAC,Spencer Hawes,Washington,1,10
2007,ATL,Acie Law,Texas A&M,1,11
2007,PHI,Thaddeus Young,Georgia Tech,1,12
2007,NOK,Julian Wright,Kansas,1,13
2007,LAC,Al Thornton,Florida State,1,14
2007,DET,Rodney Stuckey,Eastern Washington,1,15
2007,WAS,Nick Young,USC,1,16
2007,NJN,Sean Williams,Boston College,1,17
2007,GSW,Marco Belinelli,,1,18
2007,LAL,Javaris Crittenton,Georgia Tech,1,19
2007,MIA,Jason Smith,Colorado State,1,20
2007,PHI,Daequan Cook,Ohio State,1,21
2007,CHA,Jared Dudley,Boston College,1,22
2007,NYK,Wilson Chandler,DePaul,1,23
2007,PHO,Rudy Fernández,,1,24
2007,UTA,Morris Almond,Rice University,1,25
2007,HOU,Aaron Brooks,Oregon,1,26
2007,DET,Arron Afflalo,UCLA,1,27
2007,SAS,Tiago Splitter,,1,28
2007,PHO,Alando Tucker,Wisconsin,1,29
2007,PHI,Petteri Koponen,,1,30
2007,SEA,Carl Landry,Purdue,2,31
2007,BOS,Gabe Pruitt,USC,2,32
2007,SAS,Marcus Williams,Arizona,2,33
2007,DAL,Nick Fazekas,Nevada,2,34
2007,SEA,Glen Davis,LSU,2,35
2007,GSW,Jermareo Davidson,Alabama,2,36
2007,POR,Josh McRoberts,Duke,2,37
2007,PHI,Kyrylo Fesenko,,2,38
2007,MIA,Stanko Barać,,2,39
2007,LAL,Sun Yue,,2,40
2007,MIN,Chris Richard,Florida,2,41
2007,POR,Derrick Byars,Vanderbilt,2,42
2007,NOK,Adam Haluska,Iowa,2,43
2007,ORL,Reyshawn Terry,UNC,2,44
2007,LAC,Jared Jordan,Marist College,2,45
2007,GSW,Stéphane Lasme,UMass,2,46
2007,WAS,Dominic McGuire,Fresno State,2,47
2007,LAL,Marc Gasol,,2,48
2007,CHI,Aaron Gray,Pitt,2,49
2007,DAL,Renaldas Seibutis,,2,50
2007,CHI,JamesOn Curry,Oklahoma State,2,51
2007,POR,Taurean Green,Florida,2,52
2007,POR,Demetris Nichols,Syracuse,2,53
2007,HOU,Brad Newley,,2,54
2007,UTA,Herbert Hill,Providence,2,55
2007,MIL,Ramon Sessions,Nevada,2,56
2007,DET,Sammy Mejia,DePaul,2,57
2007,SAS,Georgios Printezis,,2,58
2007,PHO,D.J. Strawberry,Maryland,2,59
2007,DAL,Milovan Raković,,2,60
2008,CHI,Derrick Rose,Memphis,1,1
2008,MIA,Michael Beasley,Kansas State,1,2
2008,MIN,O.J. Mayo,USC,1,3
2008,SEA,Russell Westbrook,UCLA,1,4
2008,MEM,Kevin Love,UCLA,1,5
2008,NYK,Danilo Gallinari,,1,6
2008,LAC,Eric Gordon,Indiana,1,7
2008,MIL,Joe Alexander,West Virginia,1,8
2008,CHA,D.J. Augustin,Texas,1,9
2008,NJN,Brook Lopez,Stanford,1,10
2008,IND,Jerryd Bayless,Arizona,1,11
2008,SAC,Jason Thompson,Rider University,1,12
2008,POR,Brandon Rush,Kansas,1,13
2008,GSW,Anthony Randolph,LSU,1,14
2008,PHO,Robin Lopez,Stanford,1,15
2008,PHI,Marreese Speights,Florida,1,16
2008,TOR,Roy Hibbert,Georgetown,1,17
2008,WAS,JaVale McGee,Nevada,1,18
2008,CLE,J.J. Hickson,NC State,1,19
2008,CHA,Alexis Ajinça,,1,20
2008,NJN,Ryan Anderson,California,1,21
2008,ORL,Courtney Lee,Western Kentucky,1,22
2008,UTA,Kosta Koufos,Ohio State,1,23
2008,SEA,Serge Ibaka,,1,24
2008,HOU,Nicolas Batum,,1,25
2008,SAS,George Hill,IUPUI,1,26
2008,NOH,Darrell Arthur,Kansas,1,27
2008,MEM,Donté Greene,Syracuse,1,28
2008,DET,D.J. White,Indiana,1,29
2008,BOS,J.R. Giddens,New Mexico,1,30
2008,MIN,Nikola Peković,,2,31
2008,SEA,Walter Sharpe,UAB,2,32
2008,POR,Joey Dorsey,Memphis,2,33
2008,MIN,Mario Chalmers,Kansas,2,34
2008,LAC,DeAndre Jordan,Texas A&M,2,35
2008,POR,Ömer Aşık,,2,36
2008,MIL,Luc Mbah a Moute,UCLA,2,37
2008,CHA,Kyle Weaver,Washington State,2,38
2008,CHI,Sonny Weems,Arkansas,2,39
2008,NJN,Chris Douglas-Roberts,Memphis,2,40
2008,IND,Nathan Jawai,,2,41
2008,SAC,Sean Singletary,Virginia,2,42
2008,SAC,Patrick Ewing,Georgetown,2,43
2008,UTA,Ante Tomić,,2,44
2008,SAS,Goran Dragić,,2,45
2008,SEA,Trent Plaisted,Brigham Young University Hawaii,2,46
2008,WAS,Henry Walker,Kansas State,2,47
2008,PHO,Malik Hairston,Oregon,2,48
2008,GSW,Richard Hendrix,Alabama,2,49
2008,SEA,DeVon Hardin,California,2,50
2008,DAL,Shan Foster,Vanderbilt,2,51
2008,MIA,Darnell Jackson,Kansas,2,52
2008,UTA,Tadija Dragićević,,2,53
2008,HOU,Maarty Leunen,Oregon,2,54
2008,POR,Mike Taylor,Iowa State,2,55
2008,SEA,Sasha Kaun,Kansas,2,56
2008,SAS,James Gist,Maryland,2,57
2008,LAL,Joe Crawford,Kentucky,2,58
2008,DET,Deron Washington,Virginia Tech,2,59
2008,BOS,Semih Erden,,2,60
2009,LAC,Blake Griffin,Oklahoma,1,1
2009,MEM,Hasheem Thabeet,UConn,1,2
2009,OKC,James Harden,Arizona State,1,3
2009,SAC,Tyreke Evans,Memphis,1,4
2009,MIN,Ricky Rubio,,1,5
2009,MIN,Jonny Flynn,Syracuse,1,6
2009,GSW,Stephen Curry,Davidson,1,7
2009,NYK,Jordan Hill,Arizona,1,8
2009,TOR,DeMar DeRozan,USC,1,9
2009,MIL,Brandon Jennings,,1,10
2009,NJN,Terrence Williams,Louisville,1,11
2009,CHA,Gerald Henderson,Duke,1,12
2009,IND,Tyler Hansbrough,UNC,1,13
2009,PHO,Earl Clark,Louisville,1,14
2009,DET,Austin Daye,Gonzaga,1,15
2009,CHI,James Johnson,Wake Forest,1,16
2009,PHI,Jrue Holiday,UCLA,1,17
2009,MIN,Ty Lawson,UNC,1,18
2009,ATL,Jeff Teague,Wake Forest,1,19
2009,UTA,Eric Maynor,VCU,1,20
2009,NOH,Darren Collison,UCLA,1,21
2009,POR,Victor Claver,,1,22
2009,SAC,Omri Casspi,,1,23
2009,DAL,Byron Mullens,Ohio State,1,24
2009,OKC,Rodrigue Beaubois,,1,25
2009,CHI,Taj Gibson,USC,1,26
2009,MEM,DeMarre Carroll,Missouri,1,27
2009,MIN,Wayne Ellington,UNC,1,28
2009,LAL,Toney Douglas,Florida State,1,29
2009,CLE,Christian Eyenga,,1,30
2009,SAC,Jeff Ayres,Arizona State,2,31
2009,WAS,Jermaine Taylor,Central Florida,2,32
2009,POR,Dante Cunningham,Villanova,2,33
2009,DEN,Sergio Llull,,2,34
2009,DET,DaJuan Summers,Georgetown,2,35
2009,MEM,Sam Young,Pitt,2,36
2009,SAS,DeJuan Blair,Pitt,2,37
2009,POR,Jon Brockman,Washington,2,38
2009,DET,Jonas Jerebko,,2,39
2009,CHA,Derrick Brown,Xavier,2,40
2009,MIL,Jodie Meeks,Kentucky,2,41
2009,LAL,Patrick Beverley,Arkansas,2,42
2009,MIA,Marcus Thornton,LSU,2,43
2009,DET,Chase Budinger,Arizona,2,44
2009,MIN,Nick Calathes,Florida,2,45
2009,CLE,Danny Green,UNC,2,46
2009,MIN,Henk Norel,,2,47
2009,PHO,Taylor Griffin,Oklahoma,2,48
2009,ATL,Sergiy Gladyr,,2,49
2009,UTA,Goran Suton,Michigan State,2,50
2009,SAS,Jack McClinton,Miami (FL),2,51
2009,IND,A.J. Price,UConn,2,52
2009,SAS,Nando De Colo,,2,53
2009,CHA,Robert Vaden,UAB,2,54
2009,POR,Patty Mills,Saint Mary's,2,55
2009,DAL,Ahmad Nivins,Saint Joseph's,2,56
2009,PHO,Emir Preldžić,,2,57
2009,BOS,Lester Hudson,University of Tennessee at Martin,2,58
2009,LAL,Chinemelu Elonu,Texas A&M,2,59
2009,MIA,Robert Dozier,Memphis,2,60
2010,WAS,John Wall,Kentucky,1,1
2010,PHI,Evan Turner,Ohio State,1,2
2010,NJN,Derrick Favors,Georgia Tech,1,3
2010,MIN,Wesley Johnson,Syracuse,1,4
2010,SAC,DeMarcus Cousins,Kentucky,1,5
2010,GSW,Ekpe Udoh,Baylor,1,6
2010,DET,Greg Monroe,Georgetown,1,7
2010,LAC,Al-Farouq Aminu,Wake Forest,1,8
2010,UTA,Gordon Hayward,Butler,1,9
2010,IND,Paul George,Fresno State,1,10
2010,NOH,Cole Aldrich,Kansas,1,11
2010,MEM,Xavier Henry,Kansas,1,12
2010,TOR,Ed Davis,UNC,1,13
2010,HOU,Patrick Patterson,Kentucky,1,14
2010,MIL,Larry Sanders,VCU,1,15
2010,MIN,Luke Babbitt,Nevada,1,16
2010,CHI,Kevin Séraphin,,1,17
2010,OKC,Eric Bledsoe,Kentucky,1,18
2010,BOS,Avery Bradley,Texas,1,19
2010,SAS,James Anderson,Oklahoma State,1,20
2010,OKC,Craig Brackins,Iowa State,1,21
2010,POR,Elliot Williams,Memphis,1,22
2010,MIN,Trevor Booker,Clemson,1,23
2010,ATL,Damion James,Texas,1,24
2010,MEM,Dominique Jones,South Florida,1,25
2010,OKC,Quincy Pondexter,Washington,1,26
2010,NJN,Jordan Crawford,Xavier,1,27
2010,MEM,Greivis Vásquez,Maryland,1,28
2010,ORL,Daniel Orton,Kentucky,1,29
2010,WAS,Lazar Hayward,Marquette,1,30
2010,NJN,Tibor Pleiß,,2,31
2010,MIA,Dexter Pittman,Texas,2,32
2010,SAC,Hassan Whiteside,Marshall,2,33
2010,POR,Armon Johnson,Nevada,2,34
2010,WAS,Nemanja Bjelica,,2,35
2010,DET,Terrico White,Ole Miss,2,36
2010,MIL,Darington Hobson,New Mexico,2,37
2010,NYK,Andy Rautins,Syracuse,2,38
2010,NYK,Landry Fields,Stanford,2,39
2010,IND,Lance Stephenson,Cincinnati,2,40
2010,MIA,Jarvis Varnado,Mississippi State,2,41
2010,MIA,Da'Sean Butler,West Virginia,2,42
2010,LAL,Devin Ebanks,West Virginia,2,43
2010,MIL,Jerome Jordan,Tulsa,2,44
2010,MIN,Paulão Prestes,,2,45
2010,PHO,Gani Lawal,Georgia Tech,2,46
2010,MIL,Tiny Gallon,Oklahoma,2,47
2010,MIA,Latavious Williams,,2,48
2010,SAS,Ryan Richards,,2,49
2010,DAL,Solomon Alabi,Florida State,2,50
2010,OKC,Magnum Rolle,Louisiana Tech,2,51
2010,BOS,Luke Harangody,Notre Dame,2,52
2010,ATL,Pape Sy,,2,53
2010,LAC,Willie Warren,Oklahoma,2,54
2010,UTA,Jeremy Evans,Western Kentucky,2,55
2010,MIN,Hamady N'Diaye,Rutgers University,2,56
2010,IND,Ryan Reid,Florida State,2,57
2010,LAL,Derrick Caracter,Texas-El Paso,2,58
2010,ORL,Stanley Robinson,UConn,2,59
2010,PHO,Dwayne Collins,Miami (FL),2,60
2011,CLE,Kyrie Irving,Duke,1,1
2011,MIN,Derrick Williams,Arizona,1,2
2011,UTA,Enes Kanter,,1,3
2011,CLE,Tristan Thompson,Texas,1,4
2011,TOR,Jonas Valančiūnas,,1,5
2011,WAS,Jan Veselý,,1,6
2011,SAC,Bismack Biyombo,,1,7
2011,DET,Brandon Knight,Kentucky,1,8
2011,CHA,Kemba Walker,UConn,1,9
2011,MIL,Jimmer Fredette,BYU,1,10
2011,GSW,Klay Thompson,Washington State,1,11
2011,UTA,Alec Burks,Colorado,1,12
2011,PHO,Markieff Morris,Kansas,1,13
2011,HOU,Marcus Morris,Kansas,1,14
2011,IND,Kawhi Leonard,San Diego State,1,15
2011,PHI,Nikola Vučević,USC,1,16
2011,NYK,Iman Shumpert,Georgia Tech,1,17
2011,WAS,Chris Singleton,Florida State,1,18
2011,CHA,Tobias Harris,Tennessee,1,19
2011,MIN,Donatas Motiejūnas,,1,20
2011,POR,Nolan Smith,Duke,1,21
2011,DEN,Kenneth Faried,Morehead State University,1,22
2011,HOU,Nikola Mirotić,,1,23
2011,OKC,Reggie Jackson,Boston College,1,24
2011,BOS,MarShon Brooks,Providence,1,25
2011,DAL,Jordan Hamilton,Texas,1,26
2011,NJN,JaJuan Johnson,Purdue,1,27
2011,CHI,Norris Cole,Cleveland State University,1,28
2011,SAS,Cory Joseph,Texas,1,29
2011,CHI,Jimmy Butler,Marquette,1,30
2011,MIA,Bojan Bogdanović,,2,31
2011,CLE,Justin Harper,Richmond,2,32
2011,DET,Kyle Singler,Duke,2,33
2011,WAS,Shelvin Mack,Butler,2,34
2011,SAC,Tyler Honeycutt,UCLA,2,35
2011,NJN,Jordan Williams,Maryland,2,36
2011,LAC,Trey Thompkins,Georgia,2,37
2011,HOU,Chandler Parsons,Florida,2,38
2011,CHA,Jeremy Tyler,,2,39
2011,MIL,Jon Leuer,Wisconsin,2,40
2011,LAL,Darius Morris,Michigan,2,41
2011,IND,Dāvis Bertāns,,2,42
2011,CHI,Malcolm Lee,UCLA,2,43
2011,GSW,Charles Jenkins,Hofstra,2,44
2011,NOH,Josh Harrellson,Kentucky,2,45
2011,LAL,Andrew Goudelock,College of Charleston,2,46
2011,LAC,Travis Leslie,Georgia,2,47
2011,ATL,Keith Benson,Oakland,2,48
2011,MEM,Josh Selby,Kansas,2,49
2011,PHI,Lavoy Allen,Temple,2,50
2011,POR,Jon Diebler,Ohio State,2,51
2011,DET,Vernon Macklin,Florida,2,52
2011,ORL,DeAndre Liggins,Kentucky,2,53
2011,CLE,Milan Mačvan,,2,54
2011,BOS,E'Twaun Moore,Purdue,2,55
2011,LAL,Chukwudiebere Maduabum,,2,56
2011,DAL,Targuy Ngombo,,2,57
2011,LAL,Ater Majok,,2,58
2011,SAS,Ádám Hanga,,2,59
2011,SAC,Isaiah Thomas,Washington,2,60
2012,NOH,Anthony Davis,Kentucky,1,1
2012,CHA,Michael Kidd-Gilchrist,Kentucky,1,2
2012,WAS,Bradley Beal,Florida,1,3
2012,CLE,Dion Waiters,Syracuse,1,4
2012,SAC,Thomas Robinson,Kansas,1,5
2012,POR,Damian Lillard,Weber State,1,6
2012,GSW,Harrison Barnes,UNC,1,7
2012,TOR,Terrence Ross,Washington,1,8
2012,DET,Andre Drummond,UConn,1,9
2012,NOH,Austin Rivers,Duke,1,10
2012,POR,Meyers Leonard,Illinois,1,11
2012,HOU,Jeremy Lamb,UConn,1,12
2012,PHO,Kendall Marshall,UNC,1,13
2012,MIL,John Henson,UNC,1,14
2012,PHI,Maurice Harkless,St. John's,1,15
2012,HOU,Royce White,Iowa State,1,16
2012,DAL,Tyler Zeller,UNC,1,17
2012,HOU,Terrence Jones,Kentucky,1,18
2012,ORL,Andrew Nicholson,St. Bonaventure,1,19
2012,DEN,Evan Fournier,,1,20
2012,BOS,Jared Sullinger,Ohio State,1,21
2012,BOS,Fab Melo,Syracuse,1,22
2012,ATL,John Jenkins,Vanderbilt,1,23
2012,CLE,Jared Cunningham,Oregon State,1,24
2012,MEM,Tony Wroten,Washington,1,25
2012,IND,Miles Plumlee,Duke,1,26
2012,MIA,Arnett Moultrie,Mississippi State,1,27
2012,OKC,Perry Jones,Baylor,1,28
2012,CHI,Marquis Teague,Kentucky,1,29
2012,GSW,Festus Ezeli,Vanderbilt,1,30
2012,CHA,Jeff Taylor,Vanderbilt,2,31
2012,WAS,Tomáš Satoranský,,2,32
2012,CLE,Bernard James,Florida State,2,33
2012,CLE,Jae Crowder,Marquette,2,34
2012,GSW,Draymond Green,Michigan State,2,35
2012,SAC,Orlando Johnson,UC Santa Barbara,2,36
2012,TOR,Quincy Acy,Baylor,2,37
2012,DEN,Quincy Miller,Baylor,2,38
2012,DET,Khris Middleton,Texas A&M,2,39
2012,POR,Will Barton,Memphis,2,40
2012,POR,Tyshawn Taylor,Kansas,2,41
2012,MIL,Doron Lamb,Kentucky,2,42
2012,ATL,Mike Scott,Virginia,2,43
2012,DET,Kim English,Missouri,2,44
2012,PHI,Justin Hamilton,LSU,2,45
2012,NOH,Darius Miller,Kentucky,2,46
2012,UTA,Kevin Murphy,Tennessee Technological University,2,47
2012,NYK,Kostas Papanikolaou,,2,48
2012,ORL,Kyle O'Quinn,Norfolk State,2,49
2012,DEN,İzzet Türkyılmaz,,2,50
2012,BOS,Kris Joseph,Syracuse,2,51
2012,GSW,Ognjen Kuzmić,,2,52
2012,LAC,Furkan Aldemir,,2,53
2012,PHI,Tornike Shengelia,,2,54
2012,DAL,Darius Johnson-Odom,Marquette,2,55
2012,TOR,Tomislav Zubčić,,2,56
2012,NJN,İlkan Karaman,,2,57
2012,MIN,Robbie Hummel,Purdue,2,58
2012,SAS,Marcus Denmon,Missouri,2,59
2012,LAL,Robert Sacre,Gonzaga,2,60
2013,CLE,Anthony Bennett,UNLV,1,1
2013,ORL,Victor Oladipo,Indiana,1,2
2013,WAS,Otto Porter,Georgetown,1,3
2013,CHA,Cody Zeller,Indiana,1,4
2013,PHO,Alex Len,Maryland,1,5
2013,NOH,Nerlens Noel,Kentucky,1,6
2013,SAC,Ben McLemore,Kansas,1,7
2013,DET,Kentavious Caldwell-Pope,Georgia,1,8
2013,MIN,Trey Burke,Michigan,1,9
2013,POR,CJ McCollum,Lehigh,1,10
2013,PHI,Michael Carter-Williams,Syracuse,1,11
2013,OKC,Steven Adams,Pitt,1,12
2013,DAL,Kelly Olynyk,Gonzaga,1,13
2013,UTA,Shabazz Muhammad,UCLA,1,14
2013,MIL,Giannis Antetokounmpo,,1,15
2013,BOS,Lucas Nogueira,,1,16
2013,ATL,Dennis Schröder,,1,17
2013,ATL,Shane Larkin,Miami (FL),1,18
2013,CLE,Sergey Karasev,,1,19
2013,CHI,Tony Snell,New Mexico,1,20
2013,UTA,Gorgui Dieng,Louisville,1,21
2013,BRK,Mason Plumlee,Duke,1,22
2013,IND,Solomon Hill,Arizona,1,23
2013,NYK,Tim Hardaway Jr.,Michigan,1,24
2013,LAC,Reggie Bullock,UNC,1,25
2013,MIN,Andre Roberson,Colorado,1,26
2013,DEN,Rudy Gobert,,1,27
2013,SAS,Livio Jean-Charles,,1,28
2013,OKC,Archie Goodwin,Kentucky,1,29
2013,PHO,Nemanja Nedović,,1,30
2013,CLE,Allen Crabbe,California,2,31
2013,OKC,Álex Abrines,,2,32
2013,CLE,Carrick Felix,Arizona State,2,33
2013,HOU,Isaiah Canaan,Murray State,2,34
2013,PHI,Glen Rice Jr.,Georgia Tech,2,35
2013,SAC,Ray McCallum,Detroit Mercy,2,36
2013,DET,Tony Mitchell,University of North Texas,2,37
2013,WAS,Nate Wolters,South Dakota State,2,38
2013,POR,Jeff Withey,Kansas,2,39
2013,POR,Grant Jerrett,Arizona,2,40
2013,MEM,Jamaal Franklin,San Diego State,2,41
2013,PHI,Pierre Jackson,Baylor,2,42
2013,MIL,Ricky Ledo,Providence,2,43
2013,DAL,Mike Muscala,Bucknell,2,44
2013,POR,Marko Todorović,,2,45
2013,UTA,Erick Green,Virginia Tech,2,46
2013,ATL,Raul Neto,,2,47
2013,LAL,Ryan Kelly,Duke,2,48
2013,CHI,Erik Murphy,Florida,2,49
2013,ATL,James Ennis,Cal State Long Beach,2,50
2013,ORL,Romero Osby,Oklahoma,2,51
2013,MIN,Lorenzo Brown,NC State,2,52
2013,IND,Colton Iverson,Colorado State,2,53
2013,WAS,Arsalan Kazemi,Oregon,2,54
2013,MEM,Joffrey Lauvergne,,2,55
2013,DET,Peyton Siva,Louisville,2,56
2013,PHO,Alex Oriakhi,Missouri,2,57
2013,SAS,Deshaun Thomas,Ohio State,2,58
2013,MIN,Bojan Dubljević,,2,59
2013,MEM,Jānis Timma,,2,60
2014,CLE,Andrew Wiggins,Kansas,1,1
2014,MIL,Jabari Parker,Duke,1,2
2014,PHI,Joel Embiid,Kansas,1,3
2014,ORL,Aaron Gordon,Arizona,1,4
2014,UTA,Dante Exum,,1,5
2014,BOS,Marcus Smart,Oklahoma State,1,6
2014,LAL,Julius Randle,Kentucky,1,7
2014,SAC,Nik Stauskas,Michigan,1,8
2014,CHH,Noah Vonleh,Indiana,1,9
2014,PHI,Elfrid Payton,Louisiana,1,10
2014,DEN,Doug McDermott,Creighton,1,11
2014,ORL,Dario Šarić,,1,12
2014,MIN,Zach LaVine,UCLA,1,13
2014,PHO,T.J. Warren,NC State,1,14
2014,ATL,Adreian Payne,Michigan State,1,15
2014,CHI,Jusuf Nurkić,,1,16
2014,BOS,James Young,Kentucky,1,17
2014,PHO,Tyler Ennis,Syracuse,1,18
2014,CHI,Gary Harris,Michigan State,1,19
2014,TOR,Bruno Caboclo,,1,20
2014,OKC,Mitch McGary,Michigan,1,21
2014,MEM,Jordan Adams,UCLA,1,22
2014,UTA,Rodney Hood,Duke,1,23
2014,CHH,Shabazz Napier,UConn,1,24
2014,HOU,Clint Capela,,1,25
2014,MIA,P.J. Hairston,UNC,1,26
2014,PHO,Bogdan Bogdanović,,1,27
2014,LAC,C.J. Wilcox,Washington,1,28
2014,OKC,Josh Huestis,Stanford,1,29
2014,SAS,Kyle Anderson,UCLA,1,30
2014,MIL,Damien Inglis,,2,31
2014,PHI,K.J. McDaniels,Clemson,2,32
2014,CLE,Joe Harris,Virginia,2,33
2014,NYK,Cleanthony Early,Wichita State,2,34
2014,UTA,Jarnell Stokes,Tennessee,2,35
2014,MIL,Johnny O'Bryant,LSU,2,36
2014,TOR,DeAndre Daniels,UConn,2,37
2014,DET,Spencer Dinwiddie,Colorado,2,38
2014,PHI,Jerami Grant,Syracuse,2,39
2014,MIN,Glenn Robinson III,Michigan,2,40
2014,DEN,Nikola Jokić,,2,41
2014,HOU,Nick Johnson,Arizona,2,42
2014,ATL,Edy Tavares,,2,43
2014,MIN,Markel Brown,Oklahoma State,2,44
2014,CHH,Dwight Powell,Stanford,2,45
2014,WAS,Jordan Clarkson,Missouri,2,46
2014,PHI,Russ Smith,Louisville,2,47
2014,MIL,Lamar Patterson,Pitt,2,48
2014,CHI,Cameron Bairstow,New Mexico,2,49
2014,PHO,Alec Brown,Green Bay,2,50
2014,NYK,Thanasis Antetokounmpo,,2,51
2014,PHI,Vasilije Micić,,2,52
2014,MIN,Alessandro Gentile,,2,53
2014,PHI,Nemanja Dangubić,,2,54
2014,MIA,Semaj Christon,Xavier,2,55
2014,DEN,Devyn Marble,Iowa,2,56
2014,IND,Louis Labeyrie,,2,57
2014,SAS,Jordan McRae,Tennessee,2,58
2014,TOR,Xavier Thames,San Diego State,2,59
2014,SAS,Cory Jefferson,Baylor,2,60
2015,MIN,Karl-Anthony Towns,Kentucky,1,1
2015,LAL,D'Angelo Russell,Ohio State,1,2
2015,PHI,Jahlil Okafor,Duke,1,3
2015,NYK,Kristaps Porziņģis,,1,4
2015,ORL,Mario Hezonja,,1,5
2015,SAC,Willie Cauley-Stein,Kentucky,1,6
2015,DEN,Emmanuel Mudiay,,1,7
2015,DET,Stanley Johnson,Arizona,1,8
2015,CHO,Frank Kaminsky,Wisconsin,1,9
2015,MIA,Justise Winslow,Duke,1,10
2015,IND,Myles Turner,Texas,1,11
2015,UTA,Trey Lyles,Kentucky,1,12
2015,PHO,Devin Booker,Kentucky,1,13
2015,OKC,Cameron Payne,Murray State,1,14
2015,ATL,Kelly Oubre Jr.,Kansas,1,15
2015,BOS,Terry Rozier,Louisville,1,16
2015,MIL,Rashad Vaughn,UNLV,1,17
2015,HOU,Sam Dekker,Wisconsin,1,18
2015,WAS,Jerian Grant,Notre Dame,1,19
2015,TOR,Delon Wright,Utah,1,20
2015,DAL,Justin Anderson,Virginia,1,21
2015,CHI,Bobby Portis,Arkansas,1,22
2015,POR,Rondae Hollis-Jefferson,Arizona,1,23
2015,CLE,Tyus Jones,Duke,1,24
2015,MEM,Jarell Martin,LSU,1,25
2015,SAS,Nikola Milutinov,,1,26
2015,LAL,Larry Nance Jr.,Wyoming,1,27
2015,BOS,R.J. Hunter,Georgia State University,1,28
2015,BRK,Chris McCullough,Syracuse,1,29
2015,GSW,Kevon Looney,UCLA,1,30
2015,MIN,Cedi Osman,,2,31
2015,HOU,Montrezl Harrell,Louisville,2,32
2015,BOS,Jordan Mickey,LSU,2,33
2015,LAL,Anthony Brown,Stanford,2,34
2015,PHI,Willy Hernangómez,,2,35
2015,MIN,Rakeem Christmas,Syracuse,2,36
2015,PHI,Richaun Holmes,Bowling Green,2,37
2015,DET,Darrun Hilliard,Villanova,2,38
2015,CHO,Juan Pablo Vaulet,,2,39
2015,MIA,Josh Richardson,Tennessee,2,40
2015,BRK,Pat Connaughton,Notre Dame,2,41
2015,UTA,Olivier Hanlan,Boston College,2,42
2015,IND,Joe Young,Oregon,2,43
2015,PHO,Andrew Harrison,Kentucky,2,44
2015,BOS,Marcus Thornton,William & Mary,2,45
2015,MIL,Norman Powell,UCLA,2,46
2015,PHI,Artūras Gudaitis,,2,47
2015,OKC,Dakari Johnson,Kentucky,2,48
2015,WAS,Aaron White,Iowa,2,49
2015,ATL,Marcus Eriksson,,2,50
2015,ORL,Tyler Harvey,Eastern Washington,2,51
2015,DAL,Satnam Singh,,2,52
2015,CLE,Sir'Dominic Pointer,St. John's,2,53
2015,UTA,Dani Díez,,2,54
2015,SAS,Cady Lalanne,UMass,2,55
2015,NOP,Branden Dawson,Michigan State,2,56
2015,DEN,Nikola Radičević,,2,57
2015,PHI,J.P. Tokoto,UNC,2,58
2015,ATL,Dimitrios Agravanis,,2,59
2015,PHI,Luka Mitrović,,2,60
2016,PHI,Ben Simmons,LSU,1,1
2016,LAL,Brandon Ingram,Duke,1,2
2016,BOS,Jaylen Brown,California,1,3
2016,PHO,Dragan Bender,,1,4
2016,MIN,Kris Dunn,Providence,1,5
2016,NOP,Buddy Hield,Oklahoma,1,6
2016,DEN,Jamal Murray,Kentucky,1,7
2016,SAC,Marquese Chriss,Washington,1,8
2016,TOR,Jakob Poeltl,Utah,1,9
2016,MIL,Thon Maker,,1,10
2016,ORL,Domantas Sabonis,Gonzaga,1,11
2016,UTA,Taurean Prince,Baylor,1,12
2016,PHO,Georgios Papagiannis,,1,13
2016,CHI,Denzel Valentine,Michigan State,1,14
2016,DEN,Juan Hernangómez,,1,15
2016,BOS,Guerschon Yabusele,,1,16
2016,MEM,Wade Baldwin,Vanderbilt,1,17
2016,DET,Henry Ellenson,Marquette,1,18
2016,DEN,Malik Beasley,Florida State,1,19
2016,IND,Caris LeVert,Michigan,1,20
2016,ATL,DeAndre' Bembry,Saint Joseph's,1,21
2016,CHO,Malachi Richardson,Syracuse,1,22
2016,BOS,Ante Žižić,,1,23
2016,PHI,Timothé Luwawu-Cabarrot,,1,24
2016,LAC,Brice Johnson,UNC,1,25
2016,PHI,Furkan Korkmaz,,1,26
2016,TOR,Pascal Siakam,New Mexico State,1,27
2016,PHO,Skal Labissière,Kentucky,1,28
2016,SAS,Dejounte Murray,Washington,1,29
2016,GSW,Damian Jones,Vanderbilt,1,30
2016,BOS,Deyonta Davis,Michigan State,2,31
2016,LAL,Ivica Zubac,,2,32
2016,LAC,Cheick Diallo,Kansas,2,33
2016,PHO,Tyler Ulis,Kentucky,2,34
2016,BOS,Rade Zagorac,,2,35
2016,MIL,Malcolm Brogdon,Virginia,2,36
2016,HOU,Chinanu Onuaku,Louisville,2,37
2016,MIL,Patrick McCaw,UNLV,2,38
2016,NOP,David Michineau,,2,39
2016,NOP,Diamond Stone,Maryland,2,40
2016,ORL,Stephen Zimmerman,UNLV,2,41
2016,UTA,Isaiah Whitehead,Seton Hall,2,42
2016,HOU,Zhou Qi,,2,43
2016,ATL,Isaïa Cordinier,,2,44
2016,BOS,Demetrius Jackson,Notre Dame,2,45
2016,DAL,A.J. Hammons,Purdue,2,46
2016,ORL,Jake Layman,Maryland,2,47
2016,CHI,Paul Zipser,,2,48
2016,DET,Michael Gbinije,Syracuse,2,49
2016,IND,Georges Niang,Iowa State,2,50
2016,BOS,Ben Bentil,Providence,2,51
2016,UTA,Joel Bolomboy,Weber State,2,52
2016,DEN,Petr Cornelie,,2,53
2016,ATL,Kay Felder,Oakland,2,54
2016,BRK,Marcus Paige,UNC,2,55
2016,DEN,Daniel Hamilton,UConn,2,56
2016,MEM,Wang Zhelin,,2,57
2016,BOS,Abdel Nader,Iowa State,2,58
2016,SAC,Isaiah Cousins,Oklahoma,2,59
2016,UTA,Tyrone Wallace,California,2,60
2017,PHI,Markelle Fultz,Washington,1,1
2017,LAL,Lonzo Ball,UCLA,1,2
2017,BOS,Jayson Tatum,Duke,1,3
2017,PHO,Josh Jackson,Kansas,1,4
2017,SAC,De'Aaron Fox,Kentucky,1,5
2017,ORL,Jonathan Isaac,Florida State,1,6
2017,MIN,Lauri Markkanen,Arizona,1,7
2017,NYK,Frank Ntilikina,,1,8
2017,DAL,Dennis Smith Jr.,NC State,1,9
2017,SAC,Zach Collins,Gonzaga,1,10
2017,CHO,Malik Monk,Kentucky,1,11
2017,DET,Luke Kennard,Duke,1,12
2017,DEN,Donovan Mitchell,Louisville,1,13
2017,MIA,Bam Adebayo,Kentucky,1,14
2017,POR,Justin Jackson,UNC,1,15
2017,CHI,Justin Patton,Creighton,1,16
2017,MIL,D.J. Wilson,Michigan,1,17
2017,IND,T.J. Leaf,UCLA,1,18
2017,ATL,John Collins,Wake Forest,1,19
2017,POR,Harry Giles,Duke,1,20
2017,OKC,Terrance Ferguson,,1,21
2017,BRK,Jarrett Allen,Texas,1,22
2017,TOR,OG Anunoby,Indiana,1,23
2017,UTA,Tyler Lydon,Syracuse,1,24
2017,ORL,Anžejs Pasečņiks,,1,25
2017,POR,Caleb Swanigan,Purdue,1,26
2017,BRK,Kyle Kuzma,Utah,1,27
2017,LAL,Tony Bradley,UNC,1,28
2017,SAS,Derrick White,Colorado,1,29
2017,UTA,Josh Hart,Villanova,1,30
2017,CHO,Frank Jackson,Duke,2,31
2017,PHO,Davon Reed,Miami (FL),2,32
2017,ORL,Wesley Iwundu,Kansas State,2,33
2017,SAC,Frank Mason III,Kansas,2,34
2017,ORL,Ivan Rabb,California,2,35
2017,PHI,Jonah Bolden,,2,36
2017,BOS,Semi Ojeleye,SMU,2,37
2017,CHI,Jordan Bell,Oregon,2,38
2017,PHI,Jawun Evans,Oklahoma State,2,39
2017,NOP,Dwayne Bacon,Florida State,2,40
2017,ATL,Tyler Dorsey,Oregon,2,41
2017,UTA,Thomas Bryant,Indiana,2,42
2017,HOU,Isaiah Hartenstein,,2,43
2017,NYK,Damyean Dotson,Oregon,2,44
2017,HOU,Dillon Brooks,Oregon,2,45
2017,PHI,Sterling Brown,SMU,2,46
2017,IND,Ike Anigbogu,UCLA,2,47
2017,MIL,Sindarius Thornwell,South Carolina,2,48
2017,DEN,Vlatko Čančar,,2,49
2017,PHI,Mathias Lessort,,2,50
2017,DEN,Monte Morris,Iowa State,2,51
2017,NOP,Edmond Sumner,Xavier,2,52
2017,BOS,Kadeem Allen,Arizona,2,53
2017,PHO,Alec Peters,Valparaiso,2,54
2017,UTA,Nigel Williams-Goss,Gonzaga,2,55
2017,BOS,Jabari Bird,California,2,56
2017,BRK,Sasha Vezenkov,,2,57
2017,NYK,Ognjen Jaramaz,,2,58
2017,SAS,Jaron Blossomgame,Clemson,2,59
2017,ATL,Alpha Kaba,,2,60
2018,PHO,Deandre Ayton,Arizona,1,1
2018,SAC,Marvin Bagley III,Duke,1,2
2018,ATL,Luka Dončić,,1,3
2018,MEM,Jaren Jackson Jr.,Michigan State,1,4
2018,DAL,Trae Young,Oklahoma,1,5
2018,ORL,Mo Bamba,Texas,1,6
2018,CHI,Wendell Carter Jr.,Duke,1,7
2018,CLE,Collin Sexton,Alabama,1,8
2018,NYK,Kevin Knox,Kentucky,1,9
2018,PHI,Mikal Bridges,Villanova,1,10
2018,CHO,Shai Gilgeous-Alexander,Kentucky,1,11
2018,LAC,Miles Bridges,Michigan State,1,12
2018,LAC,Jerome Robinson,Boston College,1,13
2018,DEN,Michael Porter Jr.,Missouri,1,14
2018,WAS,Troy Brown Jr.,Oregon,1,15
2018,PHO,Zhaire Smith,Texas Tech,1,16
2018,MIL,Donte DiVincenzo,Villanova,1,17
2018,SAS,Lonnie Walker,Miami (FL),1,18
2018,ATL,Kevin Huerter,Maryland,1,19
2018,MIN,Josh Okogie,Georgia Tech,1,20
2018,UTA,Grayson Allen,Duke,1,21
2018,CHI,Chandler Hutchison,Boise State,1,22
2018,IND,Aaron Holiday,UCLA,1,23
2018,POR,Anfernee Simons,,1,24
2018,LAL,Moritz Wagner,Michigan,1,25
2018,PHI,Landry Shamet,Wichita State,1,26
2018,BOS,Robert Williams,Texas A&M,1,27
2018,GSW,Jacob Evans,Cincinnati,1,28
2018,BRK,Džanan Musa,,1,29
2018,ATL,Omari Spellman,Villanova,1,30
2018,PHO,Elie Okobo,,2,31
2018,MEM,Jevon Carter,West Virginia,2,32
2018,DAL,Jalen Brunson,Villanova,2,33
2018,ATL,Devonte' Graham,Kansas,2,34
2018,ORL,Melvin Frazier,Tulane,2,35
2018,NYK,Mitchell Robinson,,2,36
2018,SAC,Gary Trent Jr.,Duke,2,37
2018,PHI,Khyri Thomas,Creighton,2,38
2018,PHI,Isaac Bonga,,2,39
2018,BRK,Rodions Kurucs,,2,40
2018,ORL,Jarred Vanderbilt,Kentucky,2,41
2018,DET,Bruce Brown,Miami (FL),2,42
2018,DEN,Justin Jackson,Maryland,2,43
2018,WAS,Issuf Sanon,,2,44
2018,BRK,Hamidou Diallo,Kentucky,2,45
2018,HOU,De'Anthony Melton,USC,2,46
2018,LAL,Sviatoslav Mykhailiuk,Kansas,2,47
2018,MIN,Keita Bates-Diop,Ohio State,2,48
2018,SAS,Chimezie Metu,USC,2,49
2018,IND,Alize Johnson,Missouri State,2,50
2018,NOP,Tony Carr,Penn State,2,51
2018,UTA,Vince Edwards,Purdue,2,52
2018,OKC,Devon Hall,Virginia,2,53
2018,DAL,Shake Milton,SMU,2,54
2018,CHO,Arnoldas Kulboka,,2,55
2018,PHI,Ray Spalding,Louisville,2,56
2018,OKC,Kevin Hervey,UT Arlington,2,57
2018,DEN,Thomas Welsh,UCLA,2,58
2018,PHO,George King,Colorado,2,59
2018,PHI,Kostas Antetokounmpo,Dayton,2,60
2019,NOP,Zion Williamson,Duke,1,1
2019,MEM,Ja Morant,Murray State,1,2
2019,NYK,RJ Barrett,Duke,1,3
2019,LAL,De'Andre Hunter,Virginia,1,4
2019,CLE,Darius Garland,Vanderbilt,1,5
2019,PHO,Jarrett Culver,Texas Tech,1,6
2019,CHI,Coby White,UNC,1,7
2019,ATL,Jaxson Hayes,Texas,1,8
2019,WAS,Rui Hachimura,Gonzaga,1,9
2019,ATL,Cam Reddish,Duke,1,10
2019,MIN,Cameron Johnson,UNC,1,11
2019,CHO,P.J. Washington,Kentucky,1,12
2019,MIA,Tyler Herro,Kentucky,1,13
2019,BOS,Romeo Langford,Indiana,1,14
2019,DET,Sekou Doumbouya,,1,15
2019,ORL,Chuma Okeke,Auburn,1,16
2019,BRK,Nickeil Alexander-Walker,Virginia Tech,1,17
2019,IND,Goga Bitadze,,1,18
2019,SAS,Luka Šamanić,,1,19
2019,BOS,Matisse Thybulle,Washington,1,20
2019,OKC,Brandon Clarke,Gonzaga,1,21
2019,BOS,Grant Williams,Tennessee,1,22
2019,UTA,Darius Bazley,,1,23
2019,PHI,Ty Jerome,Virginia,1,24
2019,POR,Nassir Little,UNC,1,25
2019,CLE,Dylan Windler,Belmont,1,26
2019,BRK,Mfiondu Kabengele,Florida State,1,27
2019,GSW,Jordan Poole,Michigan,1,28
2019,SAS,Keldon Johnson,Kentucky,1,29
2019,MIL,Kevin Porter Jr.,USC,1,30
2019,BRK,Nicolas Claxton,Georgia,2,31
2019,PHO,KZ Okpala,Stanford,2,32
2019,PHI,Carsen Edwards,Purdue,2,33
2019,PHI,Bruno Fernando,Maryland,2,34
2019,ATL,Didi Louzada,,2,35
2019,CHO,Cody Martin,Nevada,2,36
2019,DAL,Deividas Sirvydis,,2,37
2019,CHI,Daniel Gafford,Arkansas,2,38
2019,NOP,Alen Smailagić,,2,39
2019,SAC,Justin James,Wyoming,2,40
2019,GSW,Eric Paschall,Villanova,2,41
2019,PHI,Admiral Schofield,Tennessee,2,42
2019,MIN,Jaylen Nowell,Washington,2,43
2019,MIA,Bol Bol,Oregon,2,44
2019,DET,Isaiah Roby,Nebraska,2,45
2019,ORL,Talen Horton-Tucker,Iowa State,2,46
2019,SAC,Ignas Brazdeikis,Michigan,2,47
2019,LAC,Terance Mann,Florida State,2,48
2019,SAS,Quinndary Weatherspoon,Mississippi State,2,49
2019,IND,Jarrell Brantley,College of Charleston,2,50
2019,BOS,Tremont Waters,LSU,2,51
2019,CHO,Jalen McDaniels,San Diego State,2,52
2019,UTA,Justin Wright-Foreman,Hofstra,2,53
2019,PHI,Marial Shayok,Iowa State,2,54
2019,NYK,Kyle Guy,Virginia,2,55
2019,LAC,Jaylen Hands,UCLA,2,56
2019,NOP,Jordan Bone,Tennessee,2,57
2019,GSW,Miye Oni,Yale,2,58
2019,TOR,Dewan Hernandez,Miami (FL),2,59
2019,SAC,Vanja Marinković,,2,60
2020,MIN,Anthony Edwards,Georgia,1,1
2020,GSW,James Wiseman,Memphis,1,2
2020,CHO,LaMelo Ball,,1,3
2020,CHI,Patrick Williams,Florida State,1,4
2020,CLE,Isaac Okoro,Auburn,1,5
2020,ATL,Onyeka Okongwu,USC,1,6
2020,DET,Killian Hayes,,1,7
2020,NYK,Obi Toppin,Dayton,1,8
2020,WAS,Deni Avdija,,1,9
2020,PHO,Jalen Smith,Maryland,1,10
2020,SAS,Devin Vassell,Florida State,1,11
2020,SAC,Tyrese Haliburton,Iowa State,1,12
2020,NOP,Kira Lewis Jr.,Alabama,1,13
2020,BOS,Aaron Nesmith,Vanderbilt,1,14
2020,ORL,Cole Anthony,UNC,1,15
2020,POR,Isaiah Stewart,Washington,1,16
2020,MIN,Aleksej Pokusevski,,1,17
2020,DAL,Josh Green,Arizona,1,18
2020,BRK,Saddiq Bey,Villanova,1,19
2020,MIA,Precious Achiuwa,Memphis,1,20
2020,PHI,Tyrese Maxey,Kentucky,1,21
2020,DEN,Zeke Nnaji,Arizona,1,22
2020,NYK,Leandro Bolmaro,,1,23
2020,MIL,R.J. Hampton,,1,24
2020,OKC,Immanuel Quickley,Kentucky,1,25
2020,BOS,Payton Pritchard,Oregon,1,26
2020,UTA,Udoka Azubuike,Kansas,1,27
2020,LAL,Jaden McDaniels,Washington,1,28
2020,TOR,Malachi Flynn,San Diego State,1,29
2020,BOS,Desmond Bane,TCU,1,30
2020,DAL,Tyrell Terry,Stanford,2,31
2020,CHO,Vernon Carey Jr.,Duke,2,32
2020,MIN,Daniel Oturu,Minnesota,2,33
2020,PHI,Théo Maledon,,2,34
2020,SAC,Xavier Tillman Sr.,Michigan State,2,35
2020,PHI,Tyler Bey,Colorado,2,36
2020,WAS,Vit Krejci,,2,37
2020,UTA,Saben Lee,Vanderbilt,2,38
2020,NOP,Elijah Hughes,Syracuse,2,39
2020,MEM,Robert Woodard,Mississippi State,2,40
2020,SAS,Tre Jones,Duke,2,41
2020,NOP,Nick Richards,Kentucky,2,42
2020,SAC,Jahmi'us Ramsey,Texas Tech,2,43
2020,CHI,Marko Simonovic,,2,44
2020,MIL,Jordan Nwora,Louisville,2,45
2020,POR,CJ Elleby,Washington State,2,46
2020,BOS,Yam Madar,,2,47
2020,GSW,Nico Mannion,Arizona,2,48
2020,PHI,Isaiah Joe,Arkansas,2,49
2020,ATL,Skylar Mays,LSU,2,50
2020,GSW,Justinian Jessup,Boise State,2,51
2020,SAC,Kenyon Martin Jr.,,2,52
2020,OKC,Cassius Winston,Michigan State,2,53
2020,IND,Cassius Stanley,Duke,2,54
2020,BRK,Jay Scrubb,John A. Logan College,2,55
2020,CHO,Grant Riller,College of Charleston,2,56
2020,LAC,Reggie Perry,Mississippi State,2,57
2020,PHI,Paul Reed,DePaul,2,58
2020,TOR,Jalen Harris,Nevada,2,59
2020,NOP,Sam Merrill,Utah State University,2,60
